x1,z1,x2,z2,k
1.4542445519519258,-0.0245608645815401,1.5974939045862997,0.4640590970671023,0.6506676052501416
3.8368536425547854,0.4061912959379299,3.5943041486403278,0.0333069365476319,0.6506676052501416
0.6129461076006912,0.1070245484929691,0.9174520074327758,0.3324736839925929,0.6506676052501416
0.6183002125961485,0.0528947662723615,0.3547375160416682,0.3866034662132006,0.6506676052501416
2.3236179806258006,-0.0499100382963405,2.301325528924753,0.4894082707819027,0.6506676052501416
3.761757148571609,0.4531432905442952,3.592834121266014,-0.0136450580587332,0.6506676052501416
0.6151708460170552,-0.0463828189896636,0.5568509582068951,0.4858810514752257,0.6506676052501416
0.5707205250684908,0.2047195152428059,0.2361977055147036,0.2347787172427561,0.6506676052501416
2.6297797358974497,0.4686858393980265,2.760214862846271,-0.0291876069124645,0.6506676052501416
1.4872520270256226,0.1635228181945567,1.8149625391897375,0.2759754142910054,0.6506676052501416
2.3143499625062587,0.1213927464538582,2.002283943739866,0.3181054860317039,0.6506676052501416
3.1647049999245254,0.0103045736880176,3.376447151456362,0.4291936587975443,0.6506676052501416
0.0852252169283726,0.4761695095298764,0.1910575765477203,-0.0366712770443141,0.6506676052501416
2.308806018000758,-0.0084433037582374,2.4883187120882666,0.4479415362437997,0.6506676052501416
2.3323765593178885,0.0349460346335136,2.087907496520214,0.4045521978520485,0.6506676052501416
1.478030678117393,-0.0157520026054073,1.3136647006785642,0.4552502350909695,0.6506676052501416
2.513021799635207,0.4023245335622341,2.760050210072929,0.0371736989233279,0.6506676052501416
1.8283611926732632,0.483740564885383,1.9000922430639475,-0.0442423323998207,0.6506676052501416
3.164811165156228,-0.0119389097658546,3.337305645950733,0.4514371422514167,0.6506676052501416
1.7380825358283465,0.4535814434171442,1.9060706257932511,-0.0140832109315819,0.6506676052501416
3.1752034594440715,-0.049843859779828,3.1986977067828746,0.48934209226539,0.6506676052501416
1.7814979004949751,0.4713342608138376,1.90387382256456,-0.0318360283282753,0.6506676052501416
0.6051591070552501,-0.0473611420567329,0.6561435003515199,0.4868593745422951,0.6506676052501416
0.4022263140662312,0.4146415015584893,0.1701116706339319,0.0248567309270728,0.6506676052501416
0.5978672970612092,0.0227220252106588,0.827195584968834,0.4167762072749033,0.6506676052501416
2.334097140503782,-0.012385180406386,2.162527669431877,0.4518834128919482,0.6506676052501416
0.6626920182392013,0.2321105902046947,0.9973827649642224,0.2073876422808674,0.6506676052501416
3.478162681358973,0.4658915805260085,3.6165086944518894,-0.0263933480404464,0.6506676052501416
1.5535866496704809,0.2898198098285971,1.8771711656067067,0.1496784226569651,0.6506676052501416
2.4058628888383984,0.2845670713059712,2.731125923793423,0.1549311611795908,0.6506676052501416
0.9333141543872608,0.4738307459157317,1.047487372124689,-0.0343325134301695,0.6506676052501416
2.3090346860426143,0.0143661689024805,2.5268052090943787,0.4251320635830817,0.6506676052501416
3.1834288897970726,0.0670881420642876,2.9069590832805483,0.3724100904212742,0.6506676052501416
0.64694926710639,0.2003906172697322,0.9811300473968796,0.2391076152158299,0.6506676052501416
2.3342466082697784,0.0097826090096666,2.123300827890945,0.4297156234758955,0.6506676052501416
2.304156148979901,0.152302965199776,1.9797155353316749,0.2871952672857862,0.6506676052501416
0.6227188429975171,0.0019407235138621,0.4243700641094495,0.4375575089717,0.6506676052501416
2.4815301772896805,0.3748045334548576,2.755944238648935,0.0646936990307044,0.6506676052501416
1.9274650405198148,0.4883268261235576,1.89016255174362,-0.0488285936379954,0.6506676052501416
2.277272485385588,0.2153958815532586,1.9422742119721847,0.2241023509323037,0.6506676052501416
-0.0372800669112246,0.4154480380838489,0.1937892747717212,0.0240501944017134,0.6506676052501416
1.4618232628887355,-0.0483891214798831,1.5037025417536718,0.4878873539654454,0.6506676052501416
0.7507829200157867,0.3556577540971177,1.040377011831455,0.0838404783884444,0.6506676052501416
3.3977827959660813,0.4236093713765674,3.617741969378645,0.0158888611089946,0.6506676052501416
3.57255115267273,0.4884332755810305,3.60866163123046,-0.0489350430954685,0.6506676052501416
1.4762950624528517,0.1324003304709226,1.7933545929060477,0.3070979020146396,0.6506676052501416
3.177073380570504,0.0962768818979068,2.8790418523700017,0.343221350587655,0.6506676052501416
0.600821009581542,0.049130394901482,0.8606535446997637,0.3903678375840801,0.6506676052501416
3.5239485955772603,0.480238966592946,3.613213640395837,-0.040740734107384,0.6506676052501416
1.3432375216853194,0.3350076657858875,1.040192947946769,0.1044905666996746,0.6506676052501416
0.605607097495484,0.1111515451029828,0.2988049547005538,0.3283466873825793,0.6506676052501416
2.548101296032569,0.4277007620309279,2.762092808432923,0.0117974704546341,0.6506676052501416
1.9760200324696564,0.4799862343129314,1.885631414836788,-0.0404880018273692,0.6506676052501416
0.5980314810428258,-0.0215434230526358,0.7489361472175241,0.461041655538198,0.6506676052501416
0.3653617851070507,0.4387463533124267,0.1690352347819538,0.0007518791731354,0.6506676052501416
3.718423838272055,0.4709989367305427,3.594992223950542,-0.0315007042449808,0.6506676052501416
3.158080418582794,0.1575630415894835,2.8320284610769915,0.2819351908960784,0.6506676052501416
0.133044024553847,0.4864988913609404,0.1868505669880521,-0.0470006588753782,0.6506676052501416
0.621911102302221,-0.0189993587290762,0.4649105990187625,0.4584975912146384,0.6506676052501416
2.3320501257231623,-0.0305303934533531,2.205626341767516,0.4700286259389153,0.6506676052501416
0.0405743160778981,0.4600748129795416,0.1938316688549415,-0.0205765804939794,0.6506676052501416
0.6008920037421959,-0.0373668642073603,0.7040982499326445,0.4768650966929225,0.6506676052501416
2.587000232554584,0.4501569573491869,2.762110152585755,-0.0106587248636249,0.6506676052501416
2.7250603548501795,0.4891342564031977,2.7519690165035966,-0.0496360239176356,0.6506676052501416
2.2411698093367467,0.2786140745961813,1.9141720287725257,0.1608841578893809,0.6506676052501416
2.676117790423444,0.4820801742036394,2.756669546145478,-0.0425819417180774,0.6506676052501416
0.3246167425004573,0.4594840870761036,0.1699440464180904,-0.0199858545905414,0.6506676052501416
1.3673509226216134,0.3045013210248949,1.0492103003236937,0.1349969114606672,0.6506676052501416
2.2918179982324287,0.1837199899619272,1.9597668840219795,0.2557782425236349,0.6506676052501416
2.7749614979550654,0.4890545294911253,2.7468531463065915,-0.0495562970055632,0.6506676052501416
3.188367779983936,-0.0278083325849996,3.0539584100748645,0.4673065650705617,0.6506676052501416
-0.10036790492211,0.3605714451279329,0.185595153449124,0.0789267873576292,0.6506676052501416
3.868853587310964,0.3789447254877336,3.598106914618544,0.0605535069978282,0.6506676052501416
3.0461679047542622,0.3450744166420592,2.7493275355364872,0.0944238158435027,0.6506676052501416
1.473401936381731,0.0575784922537817,1.2053834909613663,0.3819197402317804,0.6506676052501416
2.318506006049647,-0.049217728420913,2.3512176558158404,0.4887159609064752,0.6506676052501416
1.4075803665759372,0.2417734997406972,1.0736532854376473,0.1977247327448649,0.6506676052501416
0.7013843512859613,0.2950567854148578,1.0231555433148185,0.1444414470707042,0.6506676052501416
3.187709167680723,0.0394166556405961,2.938161379413816,0.4000815768449658,0.6506676052501416
0.6192777935248039,-0.0355220034649383,0.5092580077527902,0.4750202359505004,0.6506676052501416
0.6334576494798685,0.1688080011733949,0.9624934239702708,0.2706902313121673,0.6506676052501416
2.2193386765851946,0.3096899260611223,1.903394695642576,0.1298083064244399,0.6506676052501416
3.0935293358065707,0.2838825472013891,2.768057670402842,0.1556156852841728,0.6506676052501416
3.1132103659413493,0.2524268029682108,2.780626500058178,0.187071429517351,0.6506676052501416
0.6215358910757743,0.0261957083683888,0.3877056533447984,0.4133025241171733,0.6506676052501416
0.6129934411044674,0.0813790588221747,0.3251964600555226,0.3581191736633874,0.6506676052501416
3.304757827421332,0.3407097113969648,3.604368233341627,0.0987885210885972,0.6506676052501416
2.8238624546177378,0.4818507058412514,2.742170759731506,-0.0423524733556893,0.6506676052501416
1.4534220628578025,0.0185066857847388,1.6770543222090903,0.4209915467008234,0.6506676052501416
0.6221404443268639,0.1375979457577503,0.9413278664643986,0.3019002867278118,0.6506676052501416
3.1803170592122223,-0.0493108975137994,3.1488018548189696,0.4888091299993614,0.6506676052501416
0.7800484999772611,0.384267733012691,1.045858405276218,0.055230499472871,0.6506676052501416
1.6628185703444016,0.4067643053045781,1.904688319106175,0.0327339271809841,0.6506676052501416
3.071247671512352,0.3148592988032463,2.7576386935235777,0.1246389336823155,0.6506676052501416
0.680791230763994,0.2637431171591943,1.011363682624222,0.1757551153263678,0.6506676052501416
2.4533471277697925,0.3457251913193851,2.7497636898932867,0.0937730411661769,0.6506676052501416
-0.0002942852275877,0.4394609193394698,0.1948013788187632,3.731314609255274e-05,0.6506676052501416
2.1363198088399478,0.3972342400364251,1.883654640703228,0.042263992449137,0.6506676052501416
1.030149266117937,0.4899218453383775,1.0385521259286588,-0.0504236128528154,0.6506676052501416
2.353859717897436,0.1897329540073546,2.68682873000154,0.2497652784782075,0.6506676052501416
3.2220036381329624,0.2160903639369568,3.557015054813536,0.2234078685486051,0.6506676052501416
3.195023238391689,0.1529861349286009,3.5196813271953227,0.2865120975569611,0.6506676052501416
3.332411059091049,0.3700047936232855,3.610898813202626,0.0694934388622765,0.6506676052501416
0.8490618546057827,0.4356307690145612,1.0506221285002932,0.0038674634710008,0.6506676052501416
1.4528559062730095,-0.004840846924705,1.639219772181706,0.4443390794102672,0.6506676052501416
0.5969614389382233,-0.0011368253732064,0.7900089017080245,0.4406350578587686,0.6506676052501416
0.1827103113509848,0.4900058722913732,0.1818360448985434,-0.050507639805811,0.6506676052501416
2.260429780384308,0.2471025123979428,1.9271085210560697,0.1923957200876195,0.6506676052501416
1.5763841948231996,0.3206749716107208,1.887186627767805,0.1188232608748414,0.6506676052501416
1.4607032841266794,0.0725384944981011,1.741678599455984,0.3669597379874612,0.6506676052501416
3.176648011419407,0.0919255707818062,3.47184675401714,0.3475726617037557,0.6506676052501416
3.2388978373681763,0.2477951764354061,3.572130999251699,0.1917030560501559,0.6506676052501416
1.5334243408499857,0.2584354688680116,1.865015553250193,0.1810627636175506,0.6506676052501416
0.2323450453287907,0.4862716596053379,0.1768351546794189,-0.0467734271197757,0.6506676052501416
0.4353819063261358,0.388052562639545,0.1732390614600184,0.051445669846017,0.6506676052501416
1.2859005648404431,0.3926700084522688,1.0284176152203726,0.0468282240332933,0.6506676052501416
3.166818899983194,-0.0301847735474207,3.294289794102246,0.4696830060329827,0.6506676052501416
2.330509280536441,0.1272211603907344,2.645303078753486,0.3122770720948278,0.6506676052501416
0.5362319054818564,0.2680437487656533,0.206583453474488,0.1714544837199088,0.6506676052501416
1.4785112376125795,0.0058170161367313,1.2737810289222615,0.4336812163488308,0.6506676052501416
3.170596899076193,0.062929152765931,3.4434657586988715,0.3765690797196309,0.6506676052501416
2.368834431567857,0.2214319665169994,2.703869799716326,0.2180662659685627,0.6506676052501416
3.184945922187303,-0.0416836020977052,3.100023542271576,0.4811818345832672,0.6506676052501416
3.280101690846818,0.3103632936336352,3.595750216649237,0.1291349388519268,0.6506676052501416
1.388737019467431,0.2733341085362848,1.0603472167516603,0.1661641239492774,0.6506676052501416
1.0799289788027833,0.4873980499394927,1.0334886356310224,-0.0478998174539305,0.6506676052501416
2.1947453870974063,0.3400553466483036,1.894730769662214,0.0994428858372585,0.6506676052501416
0.8892740528347385,0.4568891631877619,1.0499774519159475,-0.0173909307021997,0.6506676052501416
3.801226957392635,0.4311936363248262,3.592561674402849,0.0083045961607356,0.6506676052501416
1.2521383253568166,0.4188929818728446,1.0256374435782152,0.0206052506127175,0.6506676052501416
0.8127174245158317,0.4111398044727803,1.049267936703139,0.0283584280127818,0.6506676052501416
1.515730407204565,0.2267724149491974,1.8506588665957504,0.2127258175363648,0.6506676052501416
0.5961250488242108,0.1418290543682046,0.2753113349191827,0.2976691781173575,0.6506676052501416
1.2146282750420774,0.4424994376767439,1.0249016864434366,-0.0030012051911818,0.6506676052501416
3.1686318090836627,0.1265487138162429,2.8541428207025046,0.312949518669319,0.6506676052501416
3.622427413250072,0.4895785230344324,3.603556454740796,-0.0500802905488705,0.6506676052501416
2.3156207604211434,0.0677130056822819,2.5926189889091864,0.3717852268032803,0.6506676052501416
0.6058444357133151,0.0774032800173932,0.8906459705536026,0.3620949524681688,0.6506676052501416
3.1304506857741488,0.220737006294679,2.7954108892293954,0.2187612261908829,0.6506676052501416
3.671627171559516,0.4835355830967134,3.598743967658224,-0.0440373506111515,0.6506676052501416
-0.0705493763058784,0.3889265973099544,0.1907273450228689,0.0505716351756078,0.6506676052501416
0.9806722519198372,0.4852149308864613,1.0434848024692582,-0.0457166984008991,0.6506676052501416
2.912826187062393,0.4497030539601477,2.736801747758871,-0.0102048214745857,0.6506676052501416
2.322021812923358,0.0969296977712377,2.620467384050344,0.3425685347143244,0.6506676052501416
2.986637964362912,0.40174232103608,2.738950184802155,0.0377559114494819,0.6506676052501416
2.063783228343393,0.4461533975930212,1.8808240376236969,-0.006655165107459,0.6506676052501416
1.8775962034265845,0.4896310539326134,1.895264486752428,-0.0501328214470512,0.6506676052501416
2.3284448409491785,0.0623104508276703,2.056124484444263,0.3771877816578918,0.6506676052501416
1.5003730599064926,0.1950597470733296,1.8340136608646491,0.2444384854122326,0.6506676052501416
1.4756861403061898,-0.0331036310260397,1.3573940075021589,0.4726018635116019,0.6506676052501416
2.328384845670459,-0.0434350322196179,2.252230614685585,0.4829332647051801,0.6506676052501416
3.89750379526244,0.3500631765935236,3.603983126768627,0.0894350558920382,0.6506676052501416
0.584514449780713,0.1731046847498572,0.2545009949774613,0.2663935477357048,0.6506676052501416
3.436027640376165,0.4466211511437331,3.618095191565023,-0.0071229186581709,0.6506676052501416
1.4769854237744409,0.0305379422446097,1.237755166900257,0.4089602902409524,0.6506676052501416
2.167160412499716,0.3693775843461263,1.8881546653208985,0.0701206481394359,0.6506676052501416
0.465095632510613,0.3596483109150954,0.1784370398525119,0.0798499215704666,0.6506676052501416
1.602021783142616,0.3507085138293491,1.895099923268716,0.0887897186562131,0.6506676052501416
3.20740892335058,0.1844113849969616,3.539574590495096,0.2550868474886003,0.6506676052501416
2.021732406467628,0.4655176589676293,1.8823698898276569,-0.0260194264820671,0.6506676052501416
-0.2308599193427973,0.2953191886476928,-0.2197769796953066,-0.2775826557587825,0.2255444745868376
0.2080011706694979,-0.0183831829101507,-0.3925275952004627,0.0361197157990609,0.2255444745868376
0.0195875346366608,0.0835789409993906,-0.5628039447210759,-0.0658424081104804,0.2255444745868376
-0.3958937285227651,0.2761382968610075,-0.178608761374599,-0.2584017639720972,0.2255444745868376
-0.4454557373928858,0.1390223473372666,0.0919640098217571,-0.1212858144483564,0.2255444745868376
0.2035506826466733,0.0524117004266223,-0.3927050875195524,-0.0346751675377121,0.2255444745868376
-0.2155563935916953,0.2883846739425701,-0.3479344169792157,-0.2706481410536599,0.2255444745868376
-0.541463365908878,0.1711098869712983,-0.0442494153323149,-0.1533733540823881,0.2255444745868376
0.1451127735957848,0.0512374883636048,-0.4515179996330564,-0.0335009554746947,0.2255444745868376
0.0016637335241569,0.2056618710033548,-0.4367650020501338,-0.1879253381144446,0.2255444745868376
-0.4483330558763276,-0.1324792174577957,0.0764008986067771,0.150215750346706,0.2255444745868376
-0.4031719195100932,0.1056404686797352,0.1646364425590382,-0.087903935790825,0.2255444745868376
-0.4427701023238038,-0.2478437089653552,-0.1749253718741775,0.2655802418542654,0.2255444745868376
-0.3461436569351668,0.2429445699610367,0.0017020047637189,-0.2252080370721265,0.2255444745868376
-0.4809225103002467,-0.0329135077065781,0.1158918773381187,0.0506500405954883,0.2255444745868376
-0.4332513310586532,0.2222463775962714,-0.0306851665618115,-0.2045098447073611,0.2255444745868376
0.1054084646214423,0.1507259363186674,-0.4187147570671906,-0.1329894034297573,0.2255444745868376
0.0235013285465634,-0.1794853814837155,-0.4310667230432775,0.1972219143726257,0.2255444745868376
-0.4147082257918554,0.0717037966064282,0.1738678512768951,-0.053967263717518,0.2255444745868376
0.0623693138639245,-0.1218093484177108,-0.4744868332419563,0.139545881306621,0.2255444745868376
-0.4221121676985356,-0.0340882099074162,0.1743323489436445,0.0518247427963264,0.2255444745868376
0.0447304691382155,-0.1519249382439387,-0.4545652131878298,0.1696614711328489,0.2255444745868376
-0.1461500220526605,0.2658330151647897,-0.4129185090459744,-0.2480964822758793,0.2255444745868376
-0.5922787266099412,-0.0652703738538821,-0.0095631829369056,0.0830069067427923,0.2255444745868376
-0.0316455546099186,0.1780845551550298,-0.5184431005323646,-0.1603480222661195,0.2255444745868376
-0.4802813453276758,0.0378938277374852,0.1198787713183342,-0.0201572948485749,0.2255444745868376
0.0266038399458035,-0.056856362152037,-0.5605715546880383,0.0745928950409472,0.2255444745868376
0.0894147636710405,0.2307362033755571,-0.29226060585032,-0.2129996704866469,0.2255444745868376
0.0778853066928479,0.0847219677853548,-0.5038507014683977,-0.0669854348964446,0.2255444745868376
0.0014101810677183,0.2501891798586482,-0.3237460779576667,-0.232452646969738,0.2255444745868376
-0.1815795973151346,-0.2685712677747824,-0.3320868558654984,0.2863078006636927,0.2255444745868376
-0.3144410950936179,0.2609529491803319,-0.0277713376174561,-0.2432164162914218,0.2255444745868376
-0.2939242860313391,-0.2327609760987914,0.0302151593408326,0.2504975089877015,0.2255444745868376
0.0317447045619331,-0.0219301227656917,-0.5680234384216231,0.039666655654602,0.2255444745868376
-0.4829144360293825,0.0024355545916929,0.1201974861540881,0.0153009782972173,0.2255444745868376
-0.4294108573776459,-0.161757419505544,0.0552004467257715,0.1794939523944542,0.2255444745868376
-0.3248093535314484,0.292867128877797,-0.2452815692446212,-0.2751305959888868,0.2255444745868376
0.084147172367967,0.1799623023818921,-0.3997314952368771,-0.1622257694929819,0.2255444745868376
-0.0281055603428817,-0.2255386078004837,-0.3749627866424923,0.243275140689394,0.2255444745868376
-0.3816063874493246,-0.2119019331983452,0.0028808726310923,0.2296384660872555,0.2255444745868376
-0.3438647598389305,-0.2760438032321623,-0.2804549795196148,0.2937803361210725,0.2255444745868376
-0.3033506369200331,0.286165953739201,-0.1516886246593808,-0.2684294208502908,0.2255444745868376
-0.0359311137218171,-0.1803594378312266,-0.4888867673458987,0.1980959707201368,0.2255444745868376
0.0264914449192291,0.2673271986406699,-0.2337982335674592,-0.2495906657517597,0.2255444745868376
0.1420377298010387,0.1808966418479218,-0.340369863859234,-0.1631601089590116,0.2255444745868376
-0.0259652183840135,0.2292707039246738,-0.4113868477551922,-0.2115341710357635,0.2255444745868376
-0.2636528102071417,-0.2493442539732017,-0.0022809450019744,0.2670807868621119,0.2255444745868376
-0.0106282317544774,0.1486815343657255,-0.5371815037614261,-0.1309450014768153,0.2255444745868376
0.1172320214691931,0.2073409012627263,-0.3178279908068416,-0.1896043683738161,0.2255444745868376
-0.4887666587914733,-0.1608185327779484,-0.0026959178072187,0.1785550656668587,0.2255444745868376
-0.4614164210795308,0.2442610188101043,-0.1175320267199217,-0.226524485921194,0.2255444745868376
0.1228593155543839,0.1192024285923062,-0.4338749639674231,-0.101465895703396,0.2255444745868376
-0.0576140936896249,-0.2434872767184545,-0.3432252335391161,0.2612238096073648,0.2255444745868376
-0.0836596314114478,0.2285324464404948,-0.4709455241847609,-0.2107959135515845,0.2255444745868376
-0.5816203301978045,-0.098737909840024,-0.0225236307103572,0.1164744427289342,0.2255444745868376
0.1944660520692299,0.0870037635620001,-0.3859293910324728,-0.0692672306730899,0.2255444745868376
-0.198456198904797,-0.2712554925987332,-0.0718985042883391,0.2889920254876434,0.2255444745868376
-0.4728457154736057,-0.230896161729597,-0.1426239915654369,0.2486326946185072,0.2255444745868376
-0.2882982784071055,0.2953377371535242,-0.2795932286625733,-0.277601204264614,0.2255444745868376
-0.4730573274367614,0.072860389779142,0.1149660251248806,-0.0551238568902318,0.2255444745868376
-0.4109475497351768,-0.2610948548470534,-0.2089632661263403,0.2788313877359637,0.2255444745868376
-0.1138158775149133,0.2489460392284475,-0.4430270779595859,-0.2312095063395373,0.2255444745868376
0.1361781567090826,0.0858636078437561,-0.4448925282891998,-0.0681270749548459,0.2255444745868376
0.1492542086052256,-0.0195660357835326,-0.4510314000929991,0.0373025686724427,0.2255444745868376
-0.3233605734278373,-0.2488482157308067,-0.0598270987615812,0.266584748619717,0.2255444745868376
0.1494954758187204,0.0158953734909782,-0.4535870629269176,0.0018411593979319,0.2255444745868376
-0.5667954929158802,-0.1304323146087337,-0.0396400895617331,0.1481688474976439,0.2255444745868376
-0.5075664268358434,-0.1314570057477967,0.0183825482648604,0.149193538636707,0.2255444745868376
-0.4070320321386494,-0.188346364036609,0.0305570835470555,0.2060828969255193,0.2255444745868376
0.1444175950064451,-0.05454571111247,-0.4438834326305667,0.0722822440013801,0.2255444745868376
-0.3890953604849848,-0.1334989239762598,0.1344149347644523,0.15123545686517,0.2255444745868376
-0.2751850876460508,-0.2752043837310379,-0.3535331102654404,0.2929409166199481,0.2255444745868376
0.2033168955817942,-0.0533885877571993,-0.3855318045450236,0.0711251206461095,0.2255444745868376
0.0020708870845175,-0.2429445205838341,-0.2856564320531389,0.2606810534727443,0.2255444745868376
-0.5035168440382511,0.140068811005252,0.0327735322945855,-0.1223322781163417,0.2255444745868376
-0.4255971815639735,0.1691772161929872,0.0743884442811534,-0.1514406833040769,0.2255444745868376
-0.5333279314980295,-0.0664140659352287,0.0487370295868749,0.084150598824139,0.2255444745868376
0.0031766032646525,-0.1228545851178487,-0.5325457145081193,0.140591118006759,0.2255444745868376
-0.3220432516939271,-0.2126347248050002,0.0605708454065234,0.2303712576939104,0.2255444745868376
-0.2517329198754298,0.2938393303803654,-0.3139595354328374,-0.2761027974914552,0.2255444745868376
0.0322957319875346,0.0135177202734334,-0.5708887755726945,0.0042188126154768,0.2255444745868376
-0.2914371763954191,-0.2618468576114544,-0.0939652165036314,0.2795833905003646,0.2255444745868376
-0.0620172159033623,-0.2679972283527492,-0.2171404832076965,0.2857337612416594,0.2255444745868376
-0.0957657529520252,-0.2747441628551012,-0.1811888161329667,0.2924806957440114,0.2255444745868376
-0.3608228308424025,0.2864486075603855,-0.211470814616181,-0.2687120746714752,0.2255444745868376
-0.4295746537377017,0.2620302629440917,-0.1471453708667448,-0.2442937300551814,0.2255444745868376
-0.0794032243437825,0.2941690010897076,-0.1345255035137938,-0.2764324682007974,0.2255444745868376
0.1351129444403304,-0.0884599259902764,-0.4322740217767865,0.1061964588791866,0.2255444745868376
-0.1580924968792235,0.2886308760997608,-0.2881438749828033,-0.2708943432108506,0.2255444745868376
0.0282215381551555,0.0488866323150818,-0.5691283906555276,-0.0311500994261715,0.2255444745868376
-0.415411556694933,-0.0686973747053908,0.1653226975453893,0.086433907594301,0.2255444745868376
-0.0604515885750286,-0.2048946789267962,-0.4621113893216392,0.2226312118157065,0.2255444745868376
0.0855132218283274,-0.0557016717485699,-0.5022299936427165,0.0734382046374802,0.2255444745868376
-0.0292549578838528,-0.2573648711651882,-0.2521122190859529,0.2751014040540984,0.2255444745868376
0.017006820144347,-0.0906791626429945,-0.5486703312711501,0.1084156955319048,0.2255444745868376
0.0594495760856247,0.2065031123309712,-0.3772982025769155,-0.1887665794420611,0.2255444745868376
-0.37782928065074,-0.2705232285000779,-0.2442887447241092,0.2882597613889882,0.2255444745868376
-0.189868842697189,-0.2775717024209519,-0.2021407514896085,0.2953082353098621,0.2255444745868376
-0.2496851102226664,-0.277592464612756,-0.2595790928782577,0.2953289975016663,0.2255444745868376
-0.1006295997245923,0.2888727375314104,-0.2283523256763822,-0.2711362046425002,0.2255444745868376
-0.2233547313173017,0.2748908128122977,0.0006146115036342,-0.2571542799233875,0.2255444745868376
-0.2885034268793907,0.2422804702999945,0.061315149911488,-0.2245439374110843,0.2255444745868376
-0.0431675988622087,0.2891101850153011,-0.1685598758413941,-0.271373652126391,0.2255444745868376
-0.1173011121650758,-0.2440259243425368,-0.4007920112914727,0.2617624572314471,0.2255444745868376
-0.1942892170721942,0.2939536452260859,-0.254148665874866,-0.2762171123371757,0.2255444745868376
-0.0561255478986735,0.2048173195224991,-0.4962283469659387,-0.1870807866335888,0.2255444745868376
-0.5007236996836731,-0.2104253189961115,-0.11250799025017,0.2281618518850217,0.2255444745868376
-0.3535672605543283,-0.2321433114669984,-0.0273954056164926,0.2498798443559087,0.2255444745868376
0.0866697187106781,0.050062446531833,-0.5103257601194177,-0.0323259136429227,0.2255444745868376
-0.0886009073687807,0.2663351971477942,-0.3532137214664815,-0.2485986642588839,0.2255444745868376
-0.3443300119506338,0.1959045839781751,0.1126433165068886,-0.1781680510892649,0.2255444745868376
-0.1884032016604945,0.2855875019421017,-0.0321273113244978,-0.2678509690531915,0.2255444745868376
0.0647096183917277,0.1181127116996936,-0.4929766022426715,-0.1003761788107834,0.2255444745868376
-0.5259586877745444,-0.1866571874593268,-0.0850215093904995,0.204393720348237,0.2255444745868376
-0.5985278228065181,-0.0305619172149854,-0.0010044287254339,0.0482984501038956,0.2255444745868376
-0.441166563695517,-0.211165473289093,-0.0548120483132057,0.2289020061780033,0.2255444745868376
-0.4217801254905105,0.0367111702669465,0.1786283154791699,-0.0189746373780363,0.2255444745868376
-0.1734215755683816,0.2952962041197737,-0.1599607139092909,-0.2775596712308635,0.2255444745868376
-0.5777664948684691,0.1089693613829896,-0.0125226281707954,-0.0912328284940794,0.2255444745868376
-0.4599772126489321,0.1976593871851425,-0.0062144215161153,-0.1799228542962322,0.2255444745868376
-0.3676580873499455,0.1682065156987875,0.1337013474913355,-0.1504699828098773,0.2255444745868376
-0.0652166424494055,0.2797687140781298,-0.2615586384073454,-0.2620321811892197,0.2255444745868376
-0.4043223689094429,-0.1020099995182234,0.1519323900691156,0.1197465324071336,0.2255444745868376
-0.1159831344647894,0.2952687508222118,-0.1001445479600757,-0.2775322179333016,0.2255444745868376
-0.5225256707462053,-0.099830559460694,0.0356330247122192,0.1175670923496043,0.2255444745868376
-0.2840541709521304,-0.2761604872835209,-0.2230109984722028,0.2938970201724312,0.2255444745868376
-0.2582482205348139,-0.2710158063683658,-0.1293609285279268,0.288752339257276,0.2255444745868376
-0.1487372485834251,-0.2581964970739253,-0.3671381745008645,0.2759330299628356,0.2255444745868376
0.2080875141194439,0.0170839919422852,-0.3949283710962882,0.0006525409466249,0.2255444745868376
-0.4132077756573198,-0.2315217256156068,-0.0850084198898361,0.2492582585045171,0.2255444745868376
-0.0877225780601849,-0.2261968191071146,-0.4325991671658931,0.2439333519960248,0.2255444745868376
0.0473922616917215,0.1497049738769404,-0.4779502824223839,-0.1319684409880302,0.2255444745868376
-0.4909707255268373,0.223015203610803,-0.0902187329295065,-0.2052786707218928,0.2255444745868376
-0.3830663762309415,-0.248348063509221,-0.1173752047096633,0.2660845963981313,0.2255444745868376
-0.2316797431618459,-0.2622164178876778,-0.0364684262541381,0.279952950776588,0.2255444745868376
0.1634203758152293,0.1517442853107208,-0.3594749257783688,-0.1340077524218106,0.2255444745868376
-0.2458774643257699,0.2858789129526748,-0.0919074184480335,-0.2681423800637647,0.2255444745868376
0.0065552794376972,0.1170210353336396,-0.5520735876446001,-0.0992845024447293,0.2255444745868376
-0.1300526035320172,-0.2775465126974204,-0.1447023845736982,0.2952830455863306,0.2255444745868376
0.1810043506467601,0.1202900621914895,-0.3747686513649134,-0.1025535293025793,0.2255444745868376
-0.3095013389499952,-0.277608639406818,-0.3170174725854456,0.2953451722957283,0.2255444745868376
-0.2153781615497323,-0.2750555004472937,-0.2960854888571366,0.292792033336204,0.2255444745868376
0.104045427355561,-0.1509557151240212,-0.3966281647991644,0.1686922480129314,0.2255444745868376
-0.2099131843999626,0.2925601936544149,-0.1256686513793375,-0.2748236607655048,0.2255444745868376
0.0586094387505077,-0.203349720876462,-0.3466665254844598,0.2210862537653722,0.2255444745868376
-0.1217978942469256,-0.268286425863383,-0.2746141774329572,0.2860229587522932,0.2255444745868376
-0.0009195516773535,-0.204124022302119,-0.4043904722478142,0.2218605551910292,0.2255444745868376
-0.4743722245656832,-0.0675564083005113,0.1070323415736356,0.0852929411894215,0.2255444745868376
0.0262527507461544,0.1790248927957191,-0.4590892472726475,-0.1612883599068088,0.2255444745868376
-0.4037813055488107,0.2436047764293339,-0.0579137377462039,-0.2258682435404236,0.2255444745868376
-0.4613748667240396,0.1067519764162313,0.1055881868479373,-0.0890154435273211,0.2255444745868376
0.1941587969182128,-0.0873475829882364,-0.3740686720133493,0.1050841158771466,0.2255444745868376
-0.5177954904802978,0.1985317912029864,-0.0656486372272858,-0.1807952583140762,0.2255444745868376
0.0590195636978424,0.250804801716149,-0.2641019115774538,-0.2330682688272388,0.2255444745868376
-0.4835322778032634,0.1701450102030577,0.015071525901382,-0.1524084773141474,0.2255444745868376
-0.2242430333767099,-0.276272604296656,-0.1655675612107199,0.2940091371855662,0.2255444745868376
-0.6002109923221925,0.0048132805109478,0.0029925893729361,0.0129232523779623,0.2255444745868376
0.0908982041923268,0.014706580877949,-0.5122405192100854,0.0030299520109611,0.2255444745868376
-0.2568712251315041,0.2604081099741033,0.0319125686256351,-0.2426715770851931,0.2255444745868376
-0.0889953383415444,-0.2577828121725655,-0.3096259558523399,0.2755193450614757,0.2255444745868376
1.529285957960693,0.0031779416598434,1.7483564931073947,0.5392080023065883,0.3629301836816964
4.370320439553887,-0.0116345786692216,4.210603354083667,0.5540205226356542,0.3629301836816964
0.5732795971894602,0.5251456308879329,0.8344625258670684,0.0172403130784989,0.3629301836816964
0.1643089965203785,0.1704210014089906,0.6311429599723906,0.3719649425574411,0.3629301836816964
2.8508293577404324,0.2625841846278928,2.355137891655529,0.279801759338539,0.3629301836816964
4.370259876084425,0.0142863629786809,4.117162856799474,0.5280995809877516,0.3629301836816964
0.2591675338629261,0.3106062192977301,0.7507306893340163,0.2317797246687017,0.3629301836816964
0.1208184235445237,0.0497819640385396,0.4537439286074898,0.4926039799278922,0.3629301836816964
2.944876446338861,0.0227477387884676,3.220267022304049,0.5196382051779646,0.3629301836816964
1.569206149441403,0.1510233556720255,2.0232161738905705,0.3913625882944063,0.3629301836816964
2.611666410303133,0.473404971679764,2.246633814588716,0.0689809722866679,0.3629301836816964
3.8655682355292873,0.5404092029489976,3.650595270161407,0.0019767410174348,0.3629301836816964
0.1230010663951104,0.0468374929202436,-0.2044481418941592,0.4955484510461883,0.3629301836816964
2.9163091679053217,0.1518258125362429,2.461716419547772,0.3905601314301889,0.3629301836816964
2.7187898281488394,0.4008834062656271,2.272056892764174,0.1415025377008048,0.3629301836816964
1.5396151718743187,-0.0229856734193023,1.4532246119873329,0.5653716173857338,0.3629301836816964
2.94458722871522,-0.0161372828354669,3.080366267573745,0.558523226801899,0.3629301836816964
1.8730295675133208,0.4727388229179478,2.239076058575684,0.0696471210484839,0.3629301836816964
3.8182931968863913,0.5524189404134257,3.650965176567345,-0.0100329964469931,0.3629301836816964
1.7994325733060874,0.4256382594026904,2.2239205647970524,0.1167476845637412,0.3629301836816964
3.6701630691465743,0.5698268388311885,3.656533393644582,-0.0274408948647561,0.3629301836816964
1.8350814923444967,0.449938117994636,2.2324244343923936,0.0924478259717957,0.3629301836816964
0.312841742039788,0.3661122238322999,0.7830435325729004,0.1762737201341319,0.3629301836816964
0.1214346923148839,-0.0275450445785062,0.1253010879181329,0.5699309885449382,0.3629301836816964
0.4481781388467744,0.466650415169043,0.8232116812373081,0.0757355287973888,0.3629301836816964
2.7785363636566616,0.3470483934675803,2.298890847325992,0.1953375504988516,0.3629301836816964
0.7641588440077349,0.5671524473953814,0.8317436115650576,-0.0247665034289497,0.3629301836816964
4.333788394333889,0.1446104074868758,3.8846062174470983,0.3977755364795566,0.3629301836816964
1.6344266979135542,0.2617226630420476,2.1300750288214902,0.280663280924384,0.3629301836816964
2.95326382143254,-0.0243712374969689,2.8810723310976347,0.5667571814634009,0.3629301836816964
1.1866280659283135,0.4793461326017983,0.8309156139618709,0.0630398113646331,0.3629301836816964
2.9274694765988696,0.1258868543688733,2.4941818960585502,0.4164990895975585,0.3629301836816964
3.338830946142414,0.4992029358194606,3.659248536344437,0.0431830081469715,0.3629301836816964
0.7146716045778789,0.5612097545832668,0.833678360909205,-0.0188238106168351,0.3629301836816964
2.7498326122940937,0.3743577132940425,2.2844412301518946,0.1680282306723894,0.3629301836816964
2.5714163217671437,0.4943855260307422,2.2417851938564684,0.0480004179356896,0.3629301836816964
0.1957028320152746,0.2257016155295282,0.6858175237371954,0.3166843284369036,0.3629301836816964
2.9463301282510512,-0.0231510304285789,3.031152843262629,0.5655369743950109,0.3629301836816964
1.9555309213404055,0.5127818109810077,2.2472463066002786,0.0296041329854241,0.3629301836816964
2.484673478355772,0.5299474266020222,2.2368169603258434,0.0124385173644098,0.3629301836816964
0.1034228279385376,0.114539038576865,-0.3188295098743655,0.4278469053895668,0.3629301836816964
1.5307817876960643,-0.018378101470641,1.6527421970165737,0.5607640454370727,0.3629301836816964
0.9633535755435274,0.5577488531656442,0.8231364930921364,-0.0153629091992125,0.3629301836816964
4.306462268856468,0.1986289253884222,3.825415910456973,0.3437570185780101,0.3629301836816964
4.353075607655716,0.0945447026064193,3.953157649748388,0.4478412413600131,0.3629301836816964
1.5581064833018532,0.1251160295234824,1.9906795079172028,0.4172699144429494,0.3629301836816964
3.298050194718872,0.4786951439578288,3.654808595300263,0.0636908000086033,0.3629301836816964
0.4877570276601666,0.4881987380339896,0.8285808781493504,0.0541872059324421,0.3629301836816964
4.344403319474024,0.1189650653803409,3.9177144982780328,0.4234208785860915,0.3629301836816964
1.4690626352273095,0.2138929064098333,0.9823719538213276,0.3284930375565981,0.3629301836816964
0.1411889950626859,0.1182049261406186,0.5671286400849207,0.4241810178258132,0.3629301836816964
2.943602062482779,-0.00600974815314,3.1285052771614037,0.5483956921195723,0.3629301836816964
1.9998357777787985,0.5294793638801022,2.2490340172086203,0.0129065800863296,0.3629301836816964
0.3758441873247589,0.4187464579577559,0.807034315532172,0.1236394860086759,0.3629301836816964
0.1238211772296628,-0.0261127068551594,0.0751661652860667,0.5684986508215913,0.3629301836816964
4.368347434728097,0.0311993414902095,4.073026847710821,0.511186602476223,0.3629301836816964
3.223197304653107,0.432436854465841,3.640661225401711,0.1099490895005912,0.3629301836816964
0.1261334986331441,0.0280263263168127,-0.1619475325750984,0.5143596176496193,0.3629301836816964
0.214631650168191,0.2539466478242784,0.7097023200904654,0.2884392961421534,0.3629301836816964
2.804918534640756,0.3191754660174955,2.315459104343626,0.2232104779489364,0.3629301836816964
0.118250831152928,0.0677065175648368,-0.2448256565561198,0.4746794264015951,0.3629301836816964
0.3431708749564111,0.3929004544630605,0.7960508747571123,0.1494854895033713,0.3629301836816964
2.943625099685147,0.0070313693046567,3.175232469003941,0.5353545746617754,0.3629301836816964
2.951787875688024,0.0611488812872164,3.3044238157593098,0.4812370626792157,0.3629301836816964
2.390868298026495,0.5551987020008602,2.2370187291928154,-0.0128127580344281,0.3629301836816964
2.9475445982234767,0.0408776625487545,3.263386534255762,0.5015082814176777,0.3629301836816964
0.1259294495540995,-0.0213548708530344,0.0254306191285222,0.5637408148194665,0.3629301836816964
1.4849208569431025,0.1861834767823146,1.0095235487260688,0.3562024671841169,0.3629301836816964
2.529035805338516,0.5133241751063686,2.2385622736205115,0.0290617688600632,0.3629301836816964
2.9577376179666928,0.0832884538794259,3.343260491561712,0.4590974900870062,0.3629301836816964
3.5210546572701893,0.5574777988103595,3.6627875599318593,-0.0150918548439273,0.3629301836816964
0.080892009394567,0.1664580622368363,-0.3835324045633581,0.3759278817295954,0.3629301836816964
4.368909610405382,-0.0201707174707774,4.25934452913978,0.5625566614372101,0.3629301836816964
3.054389483281712,0.2695044068982812,3.5502788374547576,0.272881537068151,0.3629301836816964
1.5422399286518078,0.0074702454334836,1.3092578424672652,0.5349156985329477,0.3629301836816964
2.870427956464757,0.2342792394381055,2.378330683298693,0.3081067045283263,0.3629301836816964
1.5103881134333403,0.1328950938274886,1.07082607053634,0.4094908501389428,0.3629301836816964
0.8643628614485218,0.5690915614579554,0.827016455624705,-0.0267056174915237,0.3629301836816964
3.381710431074304,0.5176020367098167,3.662096380633489,0.0247839072566154,0.3629301836816964
0.2357736524827554,0.2823167325698177,0.7313274503696404,0.2600692113966141,0.3629301836816964
0.6661352514126725,0.5520977425142893,0.8349447136318179,-0.0097117985478575,0.3629301836816964
2.3420024438946,0.563362481440346,2.238517393809877,-0.0209765374739139,0.3629301836816964
3.101405870624327,0.3260134046227487,3.5888825436106364,0.2163725393436835,0.3629301836816964
3.1283520943965555,0.3537687235534266,3.6049295241776,0.1886172204130057,0.3629301836816964
0.1789443752909099,0.1977890597184367,0.6596400265215739,0.3445968842479951,0.3629301836816964
0.151743897417392,0.143816701878586,0.6003079731438687,0.3985692420878458,0.3629301836816964
4.249433490235551,0.2831771530132855,3.753935470280704,0.259208790953147,0.3629301836816964
2.9655022819651964,0.1070295181807704,3.3798190694777266,0.4353564257856617,0.3629301836816964
1.5324429528748584,0.0356808717705913,1.8375433856321397,0.5067050721958404,0.3629301836816964
0.618904541890435,0.5400005865791329,0.8352829322184349,0.0023853573872988,0.3629301836816964
3.620001232398312,0.5690173618884725,3.658938558955468,-0.0266314179220401,0.3629301836816964
1.0113802768256026,0.547354276353338,0.8222309828433413,-0.0049683323869064,0.3629301836816964
1.7351451121928274,0.3735388030331634,2.2010345863647047,0.1688471409332683,0.3629301836816964
3.076762061576897,0.297855751987106,3.570680392478409,0.2445301919793262,0.3629301836816964
0.814198058188785,0.5697991187099376,0.8294237070275255,-0.0274131747435058,0.3629301836816964
2.9485544850434264,-0.0269037374012268,2.981250808815725,0.5692896813676589,0.3629301836816964
0.1117588613113564,0.0903617392157269,-0.2829749921635315,0.452024204750705,0.3629301836816964
2.1920630306143867,0.5682099128715765,2.2453526086772087,-0.0258239689051446,0.3629301836816964
1.261619430160756,0.4331834562212557,0.8449522633451333,0.1092024877451757,0.3629301836816964
2.956588957981749,0.0035946223447166,2.7361199824889324,0.5387913216217153,0.3629301836816964
4.141755885333479,0.3936995289726154,3.6894704562635954,0.148686414993817,0.3629301836816964
4.0739293509759,0.4441400308110376,3.6695785423490968,0.0982459131553948,0.3629301836816964
4.270643270225945,0.2548064957052494,3.775492632618261,0.287579448261183,0.3629301836816964
1.102840833673962,0.5181247792076535,0.8237242262265031,0.0242611647587779,0.3629301836816964
1.5301803455550844,0.0181859722359538,1.7938798197035746,0.5241999717304779,0.3629301836816964
0.4108556152067175,0.4434128302145644,0.8160613511859821,0.0989731137518674,0.3629301836816964
0.1277978265915669,0.0115463860375178,-0.1174753566848274,0.5308395579289142,0.3629301836816964
2.4385311321095124,0.5439884166946434,2.2363719854433435,-0.0016024727282112,0.3629301836816964
1.6561825504633327,0.2900911041708855,2.151086927146792,0.2522948397955462,0.3629301836816964
1.5417101809446894,0.077046267675495,1.918614852305522,0.4653396762909367,0.3629301836816964
3.9968912396770975,0.4888231091564241,3.657166864698428,0.0535628348100084,0.3629301836816964
4.172156080345405,0.3669365052151611,3.7024155111228656,0.1754494387512714,0.3629301836816964
1.61489505457104,0.2334228301157327,2.106813390412327,0.308963113850699,0.3629301836816964
0.1281731024020965,-0.0023361741994919,-0.0712366746912533,0.5447221181659241,0.3629301836816964
0.1190704002715555,-0.0256202113087505,0.1754040963730671,0.5680061552751825,0.3629301836816964
1.4308484694101171,0.2703659076237263,0.9349527457610132,0.2720200363427051,0.3629301836816964
3.769722516055182,0.5614372390275861,3.652255745115659,-0.0190512950611537,0.3629301836816964
2.9533488792026983,0.0362482322191099,2.6470458673043367,0.5061377117473219,0.3629301836816964
0.11558735232486,0.0138117255548659,0.3673530987100569,0.528574218411566,0.3629301836816964
1.5413390380782095,-0.0158749227829555,1.4040383379303574,0.5582608667493869,0.3629301836816964
3.955082289652627,0.5083490027770703,3.653511667660531,0.0340369411893622,0.3629301836816964
2.956344618558731,-0.0087567179886873,2.783219601496455,0.5511426619551194,0.3629301836816964
3.5701596322004017,0.5648709506825659,3.661120785305086,-0.0224850067161335,0.3629301836816964
4.225970723024014,0.3114609705923952,3.734598988730729,0.2309249733740372,0.3629301836816964
1.498677480073622,0.1591098666724019,1.0390036511514074,0.3832760772940295,0.3629301836816964
1.29564804307929,0.4079905698235855,0.8547943579702795,0.134395374142846,0.3629301836816964
2.29230317848551,0.5683116662890088,2.240600322114737,-0.0259257223225768,0.3629301836816964
1.1457817416786518,0.4997939570128768,0.8265260189923818,0.0425919869535547,0.3629301836816964
4.370849262346594,-7.539413201473628e-05,4.1631058757792285,0.5424613380984473,0.3629301836816964
1.4084074658702843,0.2987144157432301,0.9146185753938492,0.2436715282232013,0.3629301836816964
1.0579679069354615,0.5340659232857026,0.8223544563541293,0.008320020680729,0.3629301836816964
1.5975459315605245,0.2053982536311381,2.0812675739109445,0.3369876903352937,0.3629301836816964
0.13257443830226,0.0938255793545047,0.5316150371506798,0.4485603646119271,0.3629301836816964
1.3836942037490907,0.3268629525572139,0.896482528037281,0.2155229914092175,0.3629301836816964
3.2594812581390165,0.4563511739616362,3.648648164576936,0.086034770004796,0.3629301836816964
4.359887610837637,0.0716006598613818,3.9909040516956655,0.4707852841050506,0.3629301836816964
2.943980068406677,0.0777313909379398,2.566106177175464,0.464654553028492,0.3629301836816964
0.5295021050932879,0.5077883486851761,0.8322845310049538,0.0345975952812557,0.3629301836816964
3.1576250786752778,0.3809075597826407,3.6188702988575807,0.1614783841837915,0.3629301836816964
4.3649382944192725,0.0503953164938794,4.030893000956634,0.4919906274725531,0.3629301836816964
0.0931577244132113,0.1399850194309141,-0.3523529716209774,0.4024009245355178,0.3629301836816964
1.2252653826753892,0.4570539339457038,0.8370221502788759,0.0853320100207277,0.3629301836816964
2.9868212034116515,0.1583003090257781,3.4459484692390285,0.384085634940654,0.3629301836816964
2.949502830083693,0.0560225252309844,2.605488108933986,0.4863634187354474,0.3629301836816964
3.0163085453129272,0.2130444929841623,3.50272153089793,0.3293414509822699,0.3629301836816964
2.0935486705519,0.5549021633002632,2.2488985773565884,-0.0125162193338313,0.3629301836816964
1.913213149071885,0.4937771169171071,2.2439760735108587,0.0486088270493246,0.3629301836816964
2.685402848857558,0.4263957721427374,2.261676995237784,0.1159901718236945,0.3629301836816964
1.582333341871382,0.1778594193926275,2.0534088309623817,0.3645265245738043,0.3629301836816964
1.5374011527415667,-0.0268389462316282,1.5031117926741442,0.5692248901980598,0.3629301836816964
2.8290053470377448,0.2909514914650276,2.3341937210445534,0.2514344525014043,0.3629301836816964
4.366881409991977,-0.0255092881018076,4.308965462232572,0.5678952320682402,0.3629301836816964
0.1258174261052239,0.0709303667300836,0.4937995640953918,0.4714555772363482,0.3629301836816964
4.321161320456135,0.1712411773367496,3.853842304435558,0.3711447666296828,0.3629301836816964
1.54229715332541,-0.0056557456434459,1.3559374960393744,0.5480416896098774,0.3629301836816964
2.242179810424667,0.5699394668066714,2.2429787563310786,-0.0275535228402394,0.3629301836816964
0.1170278403683539,-0.020380698675175,0.2250455360194173,0.562766642641607,0.3629301836816964
1.680200135231123,0.318322475779241,2.16988802492494,0.2240634681871907,0.3629301836816964
4.109011438435811,0.4195132893003543,3.678547406270577,0.1228726546660781,0.3629301836816964
2.04592761411908,0.5436025422139115,2.249515553340528,-0.0012165982474796,0.3629301836816964
-1.4635034452729534,-0.5829056547682101,-1.445897484914652,0.0995005511935777,0.4297256589643226
-3.448529088816636,-0.4909705940249607,-3.804387451561626,0.007565490450329,0.4297256589643226
-0.9047481695606998,-0.0525395766030924,-0.4712076457054527,-0.4308655269715398,0.4297256589643226
-0.6412789735935346,-0.4678691529795675,-0.2511592367820789,-0.0155359505950648,0.4297256589643226
-2.00902890924384,-0.1277824061064053,-2.499972829466661,-0.3556226974682268,0.4297256589643226
-3.3782326142040286,-0.4403192134885281,-3.8018207479306527,-0.0430858900861034,0.4297256589643226
-0.7863861454394089,-0.3255533728117575,-0.2815451671945941,-0.1578517307628746,0.4297256589643226
-0.4342436596167028,-0.5649616397936081,-0.2667449465011016,0.0815565362189757,0.4297256589643226
-2.6876953539451764,-0.577433272626358,-2.5931933280478567,0.0940281690517261,0.4297256589643226
-1.7757378387154097,-0.4841848003180235,-1.4091317337935922,0.000779696743391,0.4297256589643226
-1.998034718659893,0.067728627916386,-2.218068806929493,-0.5511337314910183,0.4297256589643226
-3.1833323200283297,0.0994894970814077,-3.2014366810160504,-0.5828946006560396,0.4297256589643226
0.1574257528805581,-0.3834371937678341,-0.3163654797242911,-0.0999679098067979,0.4297256589643226
-2.0621266188167344,-0.251329425763943,-2.5827132585201857,-0.2320756778106889,0.4297256589643226
-1.9884204591802703,0.0086219822472069,-2.34254848925901,-0.4920270858218391,0.4297256589643226
-1.183892587186678,-0.5200714664949501,-1.4853945856960828,0.0366663629203176,0.4297256589643226
-2.5398449800871408,-0.579221785830067,-2.6181303832627982,0.0958166822554349,0.4297256589643226
-2.0457524740383835,-0.1293945326958459,-1.5539450782417614,-0.3540105708787864,0.4297256589643226
-3.191776875354756,0.0986957628905408,-3.151942894881948,-0.5821008664651727,0.4297256589643226
-2.023210980616214,-0.190607362611909,-1.508283133430872,-0.2927977409627234,0.4297256589643226
-3.2139455953822043,0.0719949777134105,-3.0084492634038287,-0.5554000812880424,0.4297256589643226
-2.0355220374250287,-0.1597591294847883,-1.5299526609315417,-0.3236459740898439,0.4297256589643226
-0.8277412076984494,-0.2635997214691547,-0.3080200167819399,-0.2198053821054775,0.4297256589643226
-0.0969009319854048,-0.5501669413177845,-0.320071395670258,0.0667618377431524,0.4297256589643226
-0.8841762073902169,-0.139624232912628,-0.3872074788694374,-0.3437808706620042,0.4297256589643226
-1.9908173363246424,-0.0418726453947367,-2.413075267854559,-0.4415324581798954,0.4297256589643226
-0.905179635089034,0.0432762817528016,-0.6184077086744301,-0.5266813853274338,0.4297256589643226
-3.2265448478442527,-0.2619232337713251,-3.746424427699686,-0.2214818698033065,0.4297256589643226
-1.903325839138755,-0.3755554465685674,-1.4242299049450375,-0.1078496570060649,0.4297256589643226
-2.3562753205839613,-0.5268499225774386,-2.6426575626396605,0.0434448190028064,0.4297256589643226
-0.841645310386332,0.0727668057374098,-1.0443768822071555,-0.5561719093120419,0.4297256589643226
-2.080792141319924,-0.2825296874987285,-2.59784845527478,-0.2008754160759034,0.4297256589643226
-3.214588428735246,-0.089846228329386,-2.7481516367388767,-0.3935588752452459,0.4297256589643226
-0.9077805643876208,0.0224303852341492,-0.5778177986891017,-0.5058354888087815,0.4297256589643226
-1.9886768435639253,-0.0157538626556064,-2.3790905768652952,-0.4676512409190257,0.4297256589643226
-2.004194195700428,0.0814536203425117,-2.172154909018489,-0.5648587239171439,0.4297256589643226
-0.706753083122797,-0.4142199012607713,-0.2573454251518718,-0.0691852023138609,0.4297256589643226
-2.4914331725122256,-0.571526322885511,-2.6258925373345536,0.0881212193108789,0.4297256589643226
-2.0601012794361626,-0.0709420079106859,-1.609134813847806,-0.4124630956639464,0.4297256589643226
-2.0194573093484056,0.0976962941140886,-2.075739488259549,-0.5811013976887208,0.4297256589643226
0.2294012582890558,-0.2925301400830585,-0.2855880867333979,-0.1908749634915735,0.4297256589643226
-1.3649663132718224,-0.5770599576271793,-1.462503317856162,0.0936548540525468,0.4297256589643226
-0.8806925562723587,0.0957674117433296,-0.8019160742827889,-0.5791725153179619,0.4297256589643226
-3.1942995172484143,-0.1994732672690274,-3.711093846435287,-0.2839318363056042,0.4297256589643226
-3.267656260694171,-0.3239093092238513,-3.773126398591229,-0.1594957943507802,0.4297256589643226
-1.737491059129118,-0.5072051596879097,-1.4100962928524017,0.0238000561132772,0.4297256589643226
-3.207093175542048,-0.1192439536193959,-2.720956086998919,-0.3641611499552362,0.4297256589643226
-0.8930495484777099,-0.1096890816318681,-0.4127675100203225,-0.3737160219427641,0.4297256589643226
-3.2459670171234607,-0.2930644051147333,-3.7608333734389023,-0.1903406984598983,0.4297256589643226
-0.8686376307393024,-0.1784465776692796,-1.3804135602674317,-0.3049585259053527,0.4297256589643226
-0.5656126958532398,-0.5145008323636241,-0.252486150377898,0.0310957287889918,0.4297256589643226
-2.58911230596012,-0.5828307256391927,-2.6098280921914494,0.0994256220645607,0.4297256589643226
-2.0642856643671523,-0.0433176107032894,-1.6404452206604172,-0.4400874928713429,0.4297256589643226
-0.8602195838617815,-0.2011435244635746,-0.3431143721142746,-0.2822615791110576,0.4297256589643226
-0.0531835771458335,-0.5329969749444589,-0.3247876833743439,0.0495918713698268,0.4297256589643226
-3.346900568389008,-0.4127058181936839,-3.797653236507786,-0.0706992853809476,0.4297256589643226
-3.18595892792056,-0.1801054962916051,-2.6737120720494305,-0.3032996072830269,0.4297256589643226
0.1286316948282763,-0.4122194696974892,-0.3225490662639171,-0.0711856338771428,0.4297256589643226
-0.7357223495449774,-0.385510626101602,-0.2633872697327136,-0.0978944774730302,0.4297256589643226
-1.9948964106334897,-0.0694279554715194,-2.4445209461243294,-0.4139771481031127,0.4297256589643226
0.1837793681123465,-0.3537513025299137,-0.3081654889356501,-0.1296538010447182,0.4297256589643226
-0.8450658660996142,-0.2323450155414341,-0.3244679971886126,-0.251060088033198,0.4297256589643226
-2.63861094058125,-0.5822274335496967,-2.601380497231448,0.0988223299750647,0.4297256589643226
-2.782277142666639,-0.5560488818758782,-2.579101429443137,0.0726437783012462,0.4297256589643226
-2.036258523938914,0.0974704087789835,-1.976891913938651,-0.5808755123536158,0.4297256589643226
-2.735757820385931,-0.5686130839212789,-2.5856529818352647,0.0852079803466469,0.4297256589643226
-0.0117894234107872,-0.5129980300410338,-0.3279397959204626,0.0295929264664017,0.4297256589643226
-0.8822292949555726,-0.209495680500449,-1.4007002252362395,-0.2739094230741833,0.4297256589643226
-2.011442900663844,0.0915469637296406,-2.1245499946642497,-0.574952067304273,0.4297256589643226
-2.8268459306173543,-0.5401004296024794,-2.57382177037692,0.0566953260278474,0.4297256589643226
-3.224927682266602,0.0152123280594269,-2.881958686211016,-0.498617431634059,0.4297256589643226
0.2659541126403374,-0.2301287114573791,-0.2545400262343195,-0.2532763921172529,0.4297256589643226
-3.4874962963509124,-0.5133641905917145,-3.802914755113623,0.0299590870170826,0.4297256589643226
-3.0706501396688184,-0.3655040455852725,-2.585305203390018,-0.1179010579893596,0.4297256589643226
-1.0721791867935455,-0.4489181041273343,-1.486070224784051,-0.034486999447298,0.4297256589643226
-2.0191486206950504,-0.158115484952777,-2.5240915710713767,-0.325289618621855,0.4297256589643226
-0.9158755189911132,-0.2719676670233763,-1.4346186042528164,-0.211437436551256,0.4297256589643226
-0.8953046630477128,0.0764763166731993,-0.7065217957903922,-0.5598814202478315,0.4297256589643226
-3.2200786910083004,-0.0614337620136049,-2.7778073200304663,-0.4219713415610271,0.4297256589643226
-0.7622470975294059,-0.3558813308978695,-0.2714432214076858,-0.1275237726767626,0.4297256589643226
-0.9086331731578566,-0.0007228126056504,-0.5397288814701832,-0.4826822909689818,0.4297256589643226
-2.0442409739719074,0.0911030575176478,-1.928132000764771,-0.5745081610922801,0.4297256589643226
-3.118105473501922,-0.3046926202487917,-2.6062529728564505,-0.1787124833258403,0.4297256589643226
-3.1383726779862857,-0.2736411567559112,-2.6198628790060527,-0.2097639468187208,0.4297256589643226
-0.6752856707355174,-0.4417640404859391,-0.2532832426391733,-0.0416410630886931,0.4297256589643226
-0.6047148660898711,-0.492228535024244,-0.25091878799408,0.0088234314496117,0.4297256589643226
-3.1618038058604823,-0.1081032744200721,-3.641064720050186,-0.3753018291545594,0.4297256589643226
-2.8691750643252414,-0.521164573484937,-2.5700352548671312,0.0377594699103051,0.4297256589643226
-1.5612719817409355,-0.5720392742258269,-1.4297765428791196,0.0886341706511946,0.4297256589643226
-0.9076444339605928,-0.0258219482554791,-0.5041913983903596,-0.4575831553191531,0.4297256589643226
-3.219162277333965,0.0559031860255203,-2.963976047005798,-0.5393082896001523,0.4297256589643226
-0.8723932804333806,0.0994122894954269,-0.8511786243957213,-0.582817393070059,0.4297256589643226
-1.9922001365694355,-0.2530068666922546,-1.4716920833367673,-0.2303982368823777,0.4297256589643226
-3.095550500566197,-0.3353780242059164,-2.594745172924284,-0.1480270793687156,0.4297256589643226
-0.900961095057806,0.0614257306959964,-0.6613792571478267,-0.5448308342706286,0.4297256589643226
-2.444426627522464,-0.5599965708297796,-2.632757898078653,0.0765914672551475,0.4297256589643226
0.2077515078585853,-0.3233817034999033,-0.297917244707584,-0.1600234000747286,0.4297256589643226
-2.062260985923078,0.0497526705949198,-1.791058329651895,-0.5331577741695521,0.4297256589643226
-0.8325535415153779,0.037933966079073,-1.1313132020978651,-0.5213390696537052,0.4297256589643226
-2.241993998624301,-0.4578068189113679,-2.645168618196432,-0.025598284663264,0.4297256589643226
-3.146638712656691,0.0005728701690178,-3.513563250638691,-0.4839779737436495,0.4297256589643226
-3.1502793446353587,0.0443228661973737,-3.4346167314032456,-0.5277279697720055,0.4297256589643226
-3.1705675051513635,-0.1379995352663032,-3.666753231742608,-0.3454055683083284,0.4297256589643226
-0.8557541083452314,0.0940868096833528,-0.9497687123388114,-0.5774919132579849,0.4297256589643226
-1.512799471692752,-0.5795208428182053,-1.4375771566883384,0.0961157392435729,0.4297256589643226
-0.8732440382005969,-0.1701746932334342,-0.3640092314303321,-0.313230410341198,0.4297256589643226
0.0973429870708921,-0.4398548827431507,-0.3267503786699785,-0.0435502208314812,0.4297256589643226
-2.0278633798638306,0.0996942460635471,-2.0263070010709607,-0.5830993496381793,0.4297256589643226
-1.9290349446431228,-0.3456654740197126,-1.432976066496317,-0.1377396295549197,0.4297256589643226
-1.6536345154088912,-0.545862899230229,-1.4171161519735975,0.0624577956555966,0.4297256589643226
-3.160307585598064,0.0771890885444295,-3.3462713279936844,-0.5605941921190614,0.4297256589643226
-3.147526696261425,-0.0244304241521308,-3.5492381354728577,-0.4589746794225008,0.4297256589643226
-1.8751918615431704,-0.4046028544587916,-1.4175087666983726,-0.0788022491158407,0.4297256589643226
0.0635173039092686,-0.4660717400793069,-0.3290102238743439,-0.0173333634953249,0.4297256589643226
-0.1426960930075506,-0.5641061621231009,-0.3139890976712079,0.0807010585484688,0.4297256589643226
-0.8477254444149137,-0.1176448244387513,-1.332917833863679,-0.365760279135881,0.4297256589643226
-3.199942962815973,0.0937156079396987,-3.1028919505001227,-0.5771207115143306,0.4297256589643226
-2.178507900712503,-0.4030691079586606,-2.637453758240379,-0.0803359956159713,0.4297256589643226
-0.3378076384661596,-0.5811364800422614,-0.2820211471705913,0.097731376467629,0.4297256589643226
-1.1441197887758825,-0.4984212068770545,-1.4874301448805816,0.0150161033024221,0.4297256589643226
-3.167220277150056,0.0885528548622175,-3.299191097778255,-0.5719579584368494,0.4297256589643226
-2.277553518814913,-0.4828906468927807,-2.646141174863564,-0.0005144566818512,0.4297256589643226
-3.2228772267938584,0.0368421815100254,-2.921752895003522,-0.5202472850846575,0.4297256589643226
-3.155065403393688,-0.0790476461167547,-3.612951841797645,-0.4043574574578769,0.4297256589643226
-0.8979609054024543,-0.2407289067507825,-1.4187523443044627,-0.2426761968238498,0.4297256589643226
-0.8304104114539482,0.0164321013613624,-1.1712408641784244,-0.4998372049359946,0.4297256589643226
-2.051438933317181,0.0808061272051194,-1.880606494806882,-0.5642112307797518,0.4297256589643226
-0.8482066638774134,0.0853002234718041,-0.9978423599055918,-0.5687053270464362,0.4297256589643226
-3.4121022382304727,-0.4665090888343718,-3.804047570054166,-0.0168960147402597,0.4297256589643226
-0.8403386467730369,-0.0882940106957283,-1.3055916482358814,-0.3951110928789039,0.4297256589643226
-0.8639452074380262,0.0988453926616057,-0.9006780410791682,-0.5822504962362379,0.4297256589643226
-1.8445769475365976,-0.4325712246506182,-1.412779504516679,-0.0508338789240141,0.4297256589643226
-0.5240479126217027,-0.5343123854893698,-0.2557545361821263,0.0509072819147374,0.4297256589643226
-0.8349550469676199,-0.0599413330511047,-1.2758023481063732,-0.4234637705235274,0.4297256589643226
-3.1975607054098543,-0.1493995316112377,-2.6961627161357367,-0.3340055719633943,0.4297256589643226
-3.291668894403675,-0.3542689025136255,-3.783339091099455,-0.1291362010610061,0.4297256589643226
-2.1249249365267677,-0.3440417419226142,-2.621769009885947,-0.1393633616520177,0.4297256589643226
-0.899895882692211,-0.0805825460516715,-0.4407487552854962,-0.4028225575229607,0.4297256589643226
-3.1564057782056487,-0.2424071212477149,-2.635613079607551,-0.2409979823269171,0.4297256589643226
-3.318064016049774,-0.3839411474078232,-3.791504086551944,-0.0994639561668083,0.4297256589643226
0.2487848678329516,-0.2613854788562361,-0.2711423595309797,-0.2220196247183958,0.4297256589643226
-0.8363536800222876,0.0568458240028792,-1.0889638645513804,-0.5402509275775115,0.4297256589643226
-2.946466723020754,-0.4759155374559604,-2.567556006363871,-0.0074895661186716,0.4297256589643226
-2.1505055623343434,-0.37397069297664,-2.630624748193997,-0.1094344105979919,0.4297256589643226
-3.013577056293133,-0.4232247493556219,-2.572500336854122,-0.0601803542190101,0.4297256589643226
-2.0668847913462045,0.0073634948495658,-1.710697795305547,-0.4907685984241982,0.4297256589643226
-2.053934939714917,-0.0997154749614677,-1.580319476273455,-0.3836896286131646,0.4297256589643226
-1.9899726528630612,0.0309138238000784,-2.3034679672907923,-0.5143189273747106,0.4297256589643226
-1.811434720620565,-0.4591969503861053,-1.410003616527865,-0.0242081531885271,0.4297256589643226
-1.2260954748056727,-0.539156258990509,-1.4816933434153945,0.0557511554158765,0.4297256589643226
-2.000955466265558,-0.0981461714821522,-2.473468900453516,-0.3852589320924799,0.4297256589643226
-3.528931943304966,-0.5333178301378689,-3.799734329849119,0.0499127265632372,0.4297256589643226
-0.4801738666569948,-0.5512663967016308,-0.2605748828525884,0.0678612931269985,0.4297256589643226
-3.209337896595273,-0.2306668660694247,-3.729859611832136,-0.252738237505207,0.4297256589643226
-1.106871185650136,-0.4745865961277618,-1.4876830347130308,-0.0088185074468706,0.4297256589643226
-2.057531982039118,0.0668964800120729,-1.8347948088928856,-0.5503015835867053,0.4297256589643226
-0.1902087129232052,-0.5744357320842103,-0.3067993814227737,0.0910306285095781,0.4297256589643226
-1.9523785617565532,-0.315147440208935,-1.4437790510060282,-0.1682576633656973,0.4297256589643226
-3.147587848663465,0.0236116507977855,-3.475338255580496,-0.5070167543724172,0.4297256589643226
-2.0665289802704394,-0.0171142356476142,-1.6742928831605823,-0.466290867927018,0.4297256589643226
-1.4506921647803697,-0.0257821588136679,-1.2988687573301188,-0.1214293837221083,0.5104629857953323
-3.3505523640343804,-0.1205034570349542,-3.1981633017099105,-0.0267080855008221,0.5104629857953323
-0.7984989243621788,-0.0473203167672838,-0.6367053702628448,-0.0998912257684925,0.5104629857953323
-0.4463498947862385,0.0193710532399094,-0.5492851306636897,-0.1665825957756856,0.5104629857953323
-2.090986118981545,0.0392431210449083,-2.040161010665689,-0.1864546635806846,0.5104629857953323
-3.2866363927749465,-0.1743923472173871,-3.19927733676242,0.0271808046816107,0.5104629857953323
-0.499959987373589,-0.1335142042836923,-0.6431373130445095,-0.0136973382520838,0.5104629857953323
-0.4815142076491165,-0.0113379448883939,-0.3403227879282392,-0.1358735976473822,0.5104629857953323
-2.4055462981611333,0.0449368859516372,-2.4040509470134928,-0.1921484284874136,0.5104629857953323
-1.4174542431463315,-0.0228576542750545,-1.5674063836594596,-0.1243538882607217,0.5104629857953323
-1.9767892515474552,-0.1812553194402684,-1.9072976194812996,0.0340437769044921,0.5104629857953323
-2.8778782878679623,-0.1916103434754574,-2.8937416817759405,0.0443988009396809,0.5104629857953323
-0.1215671345922919,-0.0118843353384249,-0.2632276793618473,-0.1353272071973512,0.5104629857953323
-2.063601501512462,-0.0132363697917201,-2.2063997397485755,-0.1339751727440561,0.5104629857953323
-2.069775544023205,-0.1003875003855432,-1.9081409319275595,-0.046824042150233,0.5104629857953323
-1.2982941419120164,-0.1899583731349455,-1.2665151516681463,0.0427468305991694,0.5104629857953323
-2.423531871746716,-0.0099968585258622,-2.283515561740169,-0.137214684009914,0.5104629857953323
-1.7643789254714284,-0.0627553125966872,-1.59915122283636,-0.084456229939089,0.5104629857953323
-2.831595788787675,-0.1804002992663341,-2.903626180633467,0.0331887567305576,0.5104629857953323
-1.7272266700469978,-0.1267863549540021,-1.578934959963597,-0.0204251875817742,0.5104629857953323
-2.739790539212859,-0.0987951225480965,-2.901926146969369,-0.0484164199876799,0.5104629857953323
-1.7491443168214105,-0.0952660297935974,-1.586013279956325,-0.0519455127421788,0.5104629857953323
-0.5709618828796151,-0.182320016322755,-0.6371255713505534,0.0351084737869787,0.5104629857953323
-0.301970839569037,-0.1921519928134367,-0.3014129223588406,0.0449404502776605,0.5104629857953323
-0.7418755492513222,-0.1422855853456192,-0.6066342051962448,-0.0049259571901571,0.5104629857953323
-2.0960617755910644,-0.0357306915784707,-1.9388338246381656,-0.1114808509573055,0.5104629857953323
-0.7896122578504831,0.0445295282714558,-0.7757947201825185,-0.1917410708072323,0.5104629857953323
-3.060473704941145,-0.093664236861602,-3.2240060987999684,-0.0535473056741742,0.5104629857953323
-1.486232512943752,-0.1485877110204756,-1.6147499059903143,0.0013761684846993,0.5104629857953323
-2.366026518011629,-0.1363314000379677,-2.2252317370830195,-0.0108801424978085,0.5104629857953323
-0.8877341722946138,-0.1795929325406117,-0.9620624716489709,0.0323813900048354,0.5104629857953323
-2.069261788363298,-0.0442744558379598,-2.2300270729825664,-0.1029370866978164,0.5104629857953323
-2.741155162382618,0.0345482930091034,-2.6732148731325545,-0.1817598355448798,0.5104629857953323
-0.7996091581776226,0.0337798686911585,-0.7293233089356255,-0.1809914112269349,0.5104629857953323
-2.0860297147527174,-0.0679328938586913,-1.920295529114892,-0.0792786486770848,0.5104629857953323
-1.9302346483850648,-0.191794895913275,-1.917344081906171,0.0445833533774986,0.5104629857953323
-0.4493562281877259,-0.0377577126212113,-0.6075117511331932,-0.1094538299145648,0.5104629857953323
-2.418520950379037,-0.0407767258594335,-2.259085786234708,-0.1064348166763427,0.5104629857953323
-1.7765809167508344,-0.0008447417051297,-1.6455864981327657,-0.1463668008306466,0.5104629857953323
-1.8392977446946663,-0.1698888481601433,-1.9360968293632184,0.0226773056243669,0.5104629857953323
-0.1386770698512293,0.0448793140196648,-0.1440340688639065,-0.192090856555441,0.5104629857953323
-1.4283444205418696,-0.0901205879476385,-1.2640383405476794,-0.0570909545881377,0.5104629857953323
-0.7719055864218443,-0.0327393683000008,-0.927658761515597,-0.1144721742357755,0.5104629857953323
-3.0367789493809485,-0.0291813876008559,-3.190612904058622,-0.1180301549349203,0.5104629857953323
-3.1110921068587314,-0.1541547306437025,-3.232832627288815,0.0069431881079261,0.5104629857953323
-1.4158248989317026,0.0061409628707427,-1.5385947520196346,-0.153352505406519,0.5104629857953323
-2.746830552484933,0.0131548014840648,-2.633760936974006,-0.1603663440198412,0.5104629857953323
-0.7676076261823143,-0.1119686988039209,-0.6106121213368005,-0.0352428437318554,0.5104629857953323
-3.082042276172359,-0.1252717180063842,-3.231379893300457,-0.021939824529392,0.5104629857953323
-1.1244844429965035,0.0309158154701181,-1.0461958700612044,-0.1781273580058944,0.5104629857953323
-0.4641491246052243,0.0449024253354286,-0.4599069202008913,-0.1921139678712048,0.5104629857953323
-2.4226455182079603,0.0170988223627272,-2.3158114048341925,-0.1643103648985036,0.5104629857953323
-1.77384283861744,0.0244375727957452,-1.6805694807619704,-0.1716491153315215,0.5104629857953323
-0.6659100664866522,-0.1866501930316767,-0.6159453601465698,0.0394386504959004,0.5104629857953323
-0.2543813898874116,-0.1847563617492562,-0.3120718870885152,0.03754481921348,0.5104629857953323
-3.242370368190835,-0.1895745660984139,-3.2079487490798457,0.0423630235626375,0.5104629857953323
-2.7408290186421724,-0.0458615450220347,-2.5795125705523767,-0.1013499975137417,0.5104629857953323
-0.1269573152485306,-0.0428179297206755,-0.2871874197372734,-0.1043936128151006,0.5104629857953323
-0.4597762218998992,-0.0700199936697781,-0.6256239304749347,-0.0771915488659981,0.5104629857953323
-2.1001310785497087,-0.0053701219123882,-1.9644493275872057,-0.141841420623388,0.5104629857953323
-0.1220783287761092,0.0155324113862409,-0.231463465199962,-0.1627439539220172,0.5104629857953323
-0.6178467089840053,-0.1919769039870992,-0.6268831061287087,0.0447653614513229,0.5104629857953323
-2.416125050253538,0.0370499382147135,-2.3565977196108143,-0.1842614807504898,0.5104629857953323
-2.38807558780763,0.0182915242496199,-2.4928939206371625,-0.1655030667853963,0.5104629857953323
-1.7787745932212244,-0.1139874228291994,-1.934775730611972,-0.0332241197065768,0.5104629857953323
-2.394852219227,0.0377668834891934,-2.451699786545108,-0.1849784260249698,0.5104629857953323
-0.2133146880133864,-0.1651304256548519,-0.3187684846983397,0.0179188831190757,0.5104629857953323
-1.1150461910072662,0.0437653637727353,-1.0917323841963462,-0.1909769063085116,0.5104629857953323
-1.882005025666156,-0.1874289084607232,-1.9283794506380652,0.0402173659249468,0.5104629857953323
-2.386899332040984,-0.0085460141219922,-2.525603625975904,-0.1386655284137841,0.5104629857953323
-2.71034654970687,-0.0039490064479502,-2.844606497554031,-0.1432625360878261,0.5104629857953323
-0.1566062056323698,0.0198051453057902,-0.0544439850863073,-0.1670166878415664,0.5104629857953323
-3.371044768243554,-0.0886514321831451,-3.2064617178056527,-0.0585601103526312,0.5104629857953323
-2.561986218780481,-0.192067943615037,-2.5682823071990954,0.0448564010792606,0.5104629857953323
-1.1676816987013423,-0.1529381034150315,-1.2909762194607104,0.0057265608792553,0.5104629857953323
-2.080074646980361,0.0448001101396327,-2.088179497906596,-0.192011652675409,0.5104629857953323
-1.0953211135188805,0.0264681456919569,-1.184269032497249,-0.1736796882277331,0.5104629857953323
-0.7707651227159777,0.0230226941670249,-0.8668867349847891,-0.1702342367028013,0.5104629857953323
-2.7310149525142284,0.0446768395258363,-2.7199271814400854,-0.1918883820616128,0.5104629857953323
-0.4764450558566066,-0.1024416248315426,-0.6373851825569588,-0.0447699177042335,0.5104629857953323
-0.8050376611856779,0.0119978606114764,-0.6902546404908575,-0.1592094031472528,0.5104629857953323
-1.7597031622114614,-0.0818686593495205,-1.9252238681607563,-0.0653428831862557,0.5104629857953323
-2.651752296854624,-0.1673813471316073,-2.550245055571783,0.0201698045958309,0.5104629857953323
-2.6851304427434517,-0.1409764098893181,-2.548604269290053,-0.0062351326464583,0.5104629857953323
-0.4449078776135292,-0.0072218191596748,-0.582376615441022,-0.1399897233761013,0.5104629857953323
-0.4533584238807521,0.0383980848633165,-0.5077200837438168,-0.1856096273990926,0.5104629857953323
-3.045286496082096,0.0416168088972531,-3.084309157618093,-0.1888283514330295,0.5104629857953323
-2.391616901720244,-0.0392010900165183,-2.5503999697559725,-0.108010452519258,0.5104629857953323
-1.4492309820755975,0.0277945209608668,-1.3632757950855507,-0.1750060634966431,0.5104629857953323
-0.8047230548905275,-0.0160774857983157,-0.6596460190289648,-0.1311340567374606,0.5104629857953323
-2.723855478270949,-0.0663191105483185,-2.889466276130246,-0.0808924319874578,0.5104629857953323
-0.7813644979274099,-0.0648407859102286,-0.9468341667107794,-0.0823707566255476,0.5104629857953323
-1.6599378549503476,-0.1784165674941177,-1.5824099874659794,0.0312050249583414,0.5104629857953323
-2.609912302452696,-0.1860657298664107,-2.5574250859965395,0.0388541873306343,0.5104629857953323
-0.7785563060788033,0.0403962656324907,-0.8240595940243777,-0.1876078081682671,0.5104629857953323
-2.40752361071179,-0.0731166987459871,-2.2416006979182064,-0.0740948437897892,0.5104629857953323
-0.1282626728231992,0.0360790690319705,-0.1912092868899657,-0.1832906115677468,0.5104629857953323
-1.7397612962959337,0.010345266839141,-1.8569116950214528,-0.1575568093749173,0.5104629857953323
-0.9821714221320662,-0.1884800043042588,-0.9411894992617073,0.0412684617684825,0.5104629857953323
-2.2461167825087807,-0.1921296676215083,-2.2428095875060925,0.044918125085732,0.5104629857953323
-3.0698850375328326,-0.0195129851267174,-2.922240718489775,-0.1276985574090589,0.5104629857953323
-3.050033285876348,-0.0834814494552953,-2.8846855009777905,-0.0637300930804811,0.5104629857953323
-3.03696693240618,0.0255081897610558,-3.127997493231792,-0.1727197322968322,0.5104629857953323
-0.8193804160692463,-0.1287343840931664,-0.966271444286046,-0.0184771584426099,0.5104629857953323
-1.4528816580177566,0.0035671465377013,-1.3269307516638196,-0.1507786890734775,0.5104629857953323
-0.7081134146507283,-0.1684329679501373,-0.6085397086338963,0.0212214254143609,0.5104629857953323
-0.1383450830147332,-0.0752025711023373,-0.3042535289951237,-0.0720089714334388,0.5104629857953323
-1.804992279437564,-0.1441175737373199,-1.9383746711817205,-0.0030939687984564,0.5104629857953323
-1.521895616809192,-0.1733557279245379,-1.611554064831359,0.0261441853887616,0.5104629857953323
-1.4292035366801996,0.0433486723946927,-1.456311729860804,-0.190560214930469,0.5104629857953323
-3.004031288007474,-0.1455224792426658,-2.872126185752501,-0.0016890632931106,0.5104629857953323
-3.0708688433523905,0.0090505400508576,-2.951927965483352,-0.156262082586634,0.5104629857953323
-1.458791610086202,-0.11896260438614,-1.6120908529195703,-0.0282489381496362,0.5104629857953323
-0.1560538460641568,-0.1075162950502533,-0.3150440975463291,-0.0396952474855228,0.5104629857953323
-0.3494871990691233,-0.1844888649617724,-0.2907970478144202,0.0372773224259962,0.5104629857953323
-1.127782429520745,-0.0208952342525573,-0.9791626699146184,-0.1263163082832189,0.5104629857953323
-2.792817410007035,-0.1583332484433563,-2.9088681054695606,0.0111217059075799,0.5104629857953323
-2.1569186385908563,-0.1662170653128839,-2.260498512499548,0.0190055227771076,0.5104629857953323
-0.4649586271524463,-0.0746003418975346,-0.2990408928340333,-0.0726112006382415,0.5104629857953323
-1.2497303959809156,-0.1904509797826294,-1.277746083760694,0.0432394372468533,0.5104629857953323
-2.969304003027268,-0.1709919975803358,-2.8746911094826766,0.0237804550445593,0.5104629857953323
-2.2934430166277315,-0.1838124463363388,-2.2323058123131707,0.0366009038005625,0.5104629857953323
-2.7141227737345472,-0.0341677218723543,-2.870596393442215,-0.113043820663422,0.5104629857953323
-3.056460095420636,0.044023329106521,-3.035843609582996,-0.1912348716422973,0.5104629857953323
-1.103843104242668,0.042052715617124,-1.1402485355550942,-0.1892642581529003,0.5104629857953323
-1.025605164755815,-0.1719839868960892,-0.9330257455739304,0.0247724443603128,0.5104629857953323
-1.7470580855700786,-0.0493814312298576,-1.909481215159638,-0.0978301113059186,0.5104629857953323
-0.8493432291413751,-0.1571552772815359,-0.9670541368590152,0.0099437347457595,0.5104629857953323
-3.3227247581504438,-0.1499584328042307,-3.1957972920912336,0.0027468902684543,0.5104629857953323
-1.1206122936631369,-0.0524430815701616,-0.9573536807224892,-0.0947684609656147,0.5104629857953323
-0.7970083747319292,-0.0973332630221479,-0.9595746757578126,-0.0498782795136283,0.5104629857953323
-1.4386400362535765,-0.0870407760998165,-1.603495147547473,-0.0601707664359597,0.5104629857953323
-0.4746127076635177,0.036364381759006,-0.4126485336790114,-0.1835759242947822,0.5104629857953323
-1.1073785463789398,-0.0849572895588846,-0.9422170974219514,-0.0622542529768916,0.5104629857953323
-2.746783253999181,-0.0147144896871346,-2.6027806818067942,-0.1324970528486418,0.5104629857953323
-3.1485089736553302,-0.1774777890166208,-3.2284750266049507,0.0302662464808445,0.5104629857953323
-2.098937780152313,-0.1089631191181724,-2.2573101925983114,-0.0382484234176038,0.5104629857953323
-0.7862491914548788,-0.0797819553277209,-0.6205508035839351,-0.0674295872080554,0.5104629857953323
-2.710520453911143,-0.1105326042206738,-2.5528510148339505,-0.0366789383151026,0.5104629857953323
-3.193827337892956,-0.1907629343402062,-3.21916768907205,0.0435513918044298,0.5104629857953323
-0.1495044673526074,0.0386470478546404,-0.0961584823671472,-0.1858585903904167,0.5104629857953323
-0.933755161788302,-0.1914074069207043,-0.952334131014122,0.0441958643849279,0.5104629857953323
-2.41927755739617,-0.1038968723745758,-2.579693915448666,-0.0433146701612005,0.5104629857953323
-2.1239573518403483,-0.1395400645762642,-2.2618501304071006,-0.007671477959512,0.5104629857953323
-2.4747588821735214,-0.1623594140189156,-2.58475629258622,0.0151478714831392,0.5104629857953323
-1.754620357491965,0.0442683893979888,-1.772277981680967,-0.1914799319337651,0.5104629857953323
-1.773452048551302,-0.0307299404216759,-1.6187603539261115,-0.1164816021141004,0.5104629857953323
-2.0467238027331223,-0.1315982304732098,-1.902008602358344,-0.0156133120625664,0.5104629857953323
-1.4250066711394789,-0.0545156361924132,-1.5887652792415163,-0.092695906343363,0.5104629857953323
-1.3428787019514608,-0.175318815625882,-1.2576506968814425,0.0281072730901058,0.5104629857953323
-2.0983155201876573,0.020865732941322,-1.9980806853765936,-0.1680772754770982,0.5104629857953323
-3.3849885421459995,-0.0561218482860151,-3.22087821515038,-0.0910896942497613,0.5104629857953323
-0.4808946533186718,0.0159874952209253,-0.3722401410555131,-0.1631990377567015,0.5104629857953323
-3.0455542156820434,-0.0611434479999942,-3.210559630197208,-0.086068094535782,0.5104629857953323
-1.2047094697220335,-0.1765975173753396,-1.28687420460423,0.0293859748395634,0.5104629857953323
-1.7404530960363038,-0.0180100776036299,-1.8869993286125413,-0.1292014649321463,0.5104629857953323
-0.3904017785606301,-0.1646855214428504,-0.2841960071631902,0.0174739789070742,0.5104629857953323
-1.5658041620826757,-0.1891195231162838,-1.6031002272102857,0.0419079805805076,0.5104629857953323
-3.062985179197005,-0.0509785068448189,-2.9001111446869983,-0.0962330356909575,0.5104629857953323
-1.765750187420326,0.0411064042507783,-1.723887088328228,-0.1883179467865547,0.5104629857953323
