x1,x2,x3,x4,x5,x6,x7,x8,x9,x10,x11,x12,trajectory
1.6477841942167923,-0.13933494347555941,1.6762968412984305,-2.1487158923946255,2.672547099405958,-0.072542840887479,0.9970378976328491,0.9944399806750801,0.45203512560360054,-0.07691183708551237,-0.10530491363154053,-0.8920001374554474,1.0
-2.0463197721520663,-1.3900531726715968,-0.9742327927756133,-1.911862957179816,-2.103849379103895,0.0951031133405577,-0.8890532081163737,-0.8272711124291955,-0.861259632013233,-0.45780388064976457,0.5618029072015926,-0.5081651761626632,1.0
-1.9852370129914196,0.6288482526139736,-3.209228531364365,0.9975005201369465,-1.963666831563141,-0.9091695653449727,-0.9153416870375626,0.06758432158587076,-0.9238139181684762,-0.4026780301571329,-0.9977135658473215,-0.3828418010069015,1.0
-0.3093682869852989,1.8949281331882943,0.2171635839246451,0.09441998154471913,0.17653725619149652,3.2474441136028007,-0.30445697410447153,0.21546069772328183,0.17562170824388665,0.9525260893640389,0.9765125128417949,0.984457726666564,1.0
-0.7851408771418066,-2.3249009335004422,-0.1327406470366574,-0.5939988363419428,-1.5977823597202152,-1.7849976514069121,-0.7069248289285874,-0.13235117353322537,-0.999635899110532,0.7072886866367137,0.9912028888498954,-0.026982757632947392,1.0
0.7242512208341504,2.176160016069944,0.266768379785449,0.2975895572016413,1.5667558103342378,2.1989960173039194,0.6625747960427583,0.26361550781276283,0.999991837124471,0.7489957540927032,0.964627837064958,0.0040405054665751585,1.0
1.9213169166681836,1.5676199588300619,0.8220082745468866,2.0554959194778077,1.8508865329436142,-0.029597556541171733,0.9391940764378194,0.732514441875878,0.9610305054219457,-0.3433867888898923,0.6807514909592715,-0.27644234054941663,1.0
2.295690974875923,-0.6079666732850558,3.32939659780764,0.5003714848816184,1.5912113685869016,0.5437478019845992,0.7485692804036522,-0.18670190523021504,0.9997916202717361,-0.6630565831329618,-0.9824166115164217,-0.020413623745351092,1.0
-1.252668986799062,0.7922676948358838,-0.2610551791868808,1.4557005001220507,-1.8469169211169567,2.0610634893688804,-0.9498228295396209,-0.25810012317713676,-0.9621202994623773,0.31278841488352505,0.9661181741463861,-0.27262525444724567,1.0
2.5611905762776055,-0.24369323890206174,3.003159524880941,1.382446700243428,1.6840055154919722,-0.5279879032272486,0.5483602151383714,0.13799140296748286,0.9935986809602746,-0.8362422343157508,-0.9904334266910956,-0.11296752273995574,1.0
2.297536747828207,-0.6107513078791023,3.4277588587853196,0.027381856134977033,1.6210470128214463,0.3354784219867096,0.7473441540499242,-0.2822764222549839,0.99873769993327,-0.6644371418030476,-0.9593331128648307,-0.05022954043191722,1.0
-1.3617618362419281,0.6028651344137756,-0.5174477057503806,1.7956486546251937,-2.131590612324114,1.557009849348023,-0.9782317288311791,-0.49466359195759346,-0.8468329302852875,0.20751550474112138,0.8690845360444583,-0.531858992764467,1.0
-2.5363481518462114,-0.3304697826801428,-2.1855727744065607,-2.056167141738199,-1.8242797194957263,0.6603590532070346,-0.5689631624532552,-0.816902406945976,-0.9680447399099925,-0.822363009729396,-0.5767759162151892,-0.2507775538851016,1.0
-2.4057294604031902,0.5450505525804634,-3.309625608526949,-0.7026159621306823,-1.5632069468723657,-0.16371420616257668,-0.671227248982273,0.16724333336177583,-0.9999712007944291,-0.7412516308404925,-0.9859156492550678,0.0075893070663535026,1.0
2.494304866664108,0.5241500701300325,1.9293500372587198,2.046507826314201,2.116611870658817,-0.7336374666554234,0.6030250335920934,0.9364053352052425,0.8547042137571346,-0.7977222629845896,-0.3509202875286029,-0.5191153118390928,1.0
2.0057262547652117,-0.6349774171233536,3.166326691138444,-1.15432862815456,1.899543267654118,0.8044153502986777,0.9068995691550601,-0.02473151569132675,0.9464476457833574,-0.4213468541075943,-0.9996941292873585,-0.32285732729975397,1.0
1.8309641134784844,-0.4616647110815628,2.9575734919647987,-1.386162048533525,2.2833388812621385,0.9910882649590064,0.966346829838414,0.18298234360550897,0.7567021036643398,-0.2572426956421644,-0.9831161996064531,-0.653759838403953,1.0
2.334679694767493,0.8385491256343451,1.583192178576585,2.2836737791102055,1.7531239008473973,-0.46099758723117457,0.7221552165347502,0.9999231724130697,0.9834243235395727,-0.69173104833573,-0.012395534332268998,-0.18131905545400873,1.0
2.411931434579176,-0.5282446318297097,3.3701507148950784,0.5456713381744536,1.5849096226241102,0.022610627534651085,0.6666171458180712,-0.22657331976707182,0.9999004090935205,-0.7454002823324984,-0.9739941122869934,-0.014112827307461117,1.0
-1.6149078283619958,0.34232962636164815,-1.851798375847214,2.2575291142954885,-2.518379536620364,-0.1907249770615,-0.9990272454642349,-0.9607780339424185,-0.5836472433817457,-0.04409719741823976,-0.277318534349475,-0.8120073246547037,1.0
1.8235617432890887,1.6928416269634579,0.7014176631566997,1.9648593581002098,1.849080582846672,0.09199118578143668,0.9682245427027715,0.645301328099895,0.9615281790434751,-0.2500824562179623,0.7639281353324484,-0.2747063175562929,1.0
-0.7253103242517485,-2.3376298353946625,-0.1181443234360338,-0.5438527970182045,-1.5508985001052507,-1.868870177511082,-0.6633676882523276,-0.11786967051165845,-0.9998020447779041,0.7482935989187417,0.9930290734784522,0.01989651371275081,1.0
0.8397902160672722,2.156471232405973,0.2848428079508918,0.3819950266795304,1.6794831062583677,2.0290151032443027,0.7445030806097211,0.2810065966406759,0.99409940397192,0.6676190253150631,0.9597058365168071,-0.10847292299312992,1.0
-1.3451538751875218,0.6319160462999116,-0.46985518971946866,1.7417562955675188,-2.088528870420421,1.6439516871549427,-0.9746505708676008,-0.45275717237707647,-0.8689436018643691,0.2237325740866985,0.891633861437033,-0.4949111200801379,1.0
1.5817077122289125,1.792231404176426,0.559262045620751,1.129279179105321,2.206392448509185,0.8268533321380758,0.9999404714245731,0.5305608177223203,0.8047179474520937,-0.01091116892007967,0.847646871461119,-0.5936573296511122,1.0
2.039231643830316,1.3363603995588653,0.9736370086910153,1.6892772032968157,2.325475013570419,0.0255125380381623,0.8922758199786763,0.8269362523946807,0.7284916978965493,-0.45149070985058026,0.5622956824264623,-0.6850546300082956,1.0
-2.5011820806780825,-0.47657938873867806,-2.003332395078748,-2.1156374564622618,-1.881917908929665,0.6558359348954445,-0.5975247098092736,-0.9079056149179154,-0.9519908226484851,-0.8018504980152743,-0.4191746585857998,-0.30612656466412813,1.0
-1.9089452282023687,-1.5650264362653188,-0.8029268788774149,-1.7692088139639928,-2.103387671365522,-0.10981029091777919,-0.9433703674576078,-0.71939219148308,-0.8614941640000088,-0.33174138994538804,0.6946041137462199,-0.5077674717761329,1.0
2.0563731167838872,-0.6412542501505283,3.3349763686459353,-0.46767908991287094,1.8785428467295318,0.9560324385744067,0.8844058976491379,-0.1921806299797425,0.9530185948038759,-0.46671855352387975,-0.9813595699133877,-0.3029117989746286,1.0
-0.5275721390733108,1.7217825819749724,0.19871487724307746,0.2229440180773308,-0.21706475162805236,3.265625982948412,-0.503437077754416,0.19740966122406528,-0.21536418569685228,0.8640318910445922,0.9803210829393602,0.976533802548141,1.0
0.584481395410157,-1.9075906234506022,-0.005911107618909406,-0.09407224471241989,0.012962822532628603,-3.190305041570858,0.5517669411780507,-0.005911073195443909,0.012962459501532533,0.8339983468946552,0.999982529454229,0.999915983792474,1.0
-1.6732395829520226,0.38155561325941423,-2.2086485228054364,2.1248825596865157,-2.461132262110029,-0.5016220602367848,-0.9947572770732671,-0.8033765655915642,-0.6291509452208497,-0.10226416630364339,-0.5954713207689377,-0.7772831454030837,1.0
0.3443966352604351,-2.0953675984195304,-0.014165579193457033,-0.0555878242334826,-0.36313075290328684,-3.0726048043442704,0.3376288039767896,-0.014165105445444082,-0.3552025637598708,0.9412793372454336,0.9998996698607913,0.9347893552551906,1.0
-0.22936424535025485,-2.3386986142869937,-0.041472638002551424,-0.2096545556431902,-1.0872079464709046,-2.5161777359657322,-0.22735846456653305,-0.04146075034232591,-0.8853321763507622,0.973811135996066,0.9991401334052453,0.4649590707987347,1.0
1.6962946039736806,-0.22289612948323703,2.271354812534313,-1.9959680215806757,2.6025516541825215,0.5312891747385029,0.9921354214859941,0.7644822816322364,0.5133132122245511,-0.12516910734206269,-0.6446447402022062,-0.8582013435993403,1.0
0.42574693398268987,2.1808522595239546,0.2384547468223966,0.12913371304217253,1.2378728172975164,2.604954465986404,0.4130011524503243,0.23620138013831599,0.9450909591413353,0.9107305024400489,0.9717041257608999,0.326807403449357,1.0
2.492272670870126,0.29897080094657147,2.2060171980456897,2.1103448465586037,1.615560308659427,-0.47139483591227,0.6046449151119525,0.8049406609776371,0.9989982602555931,-0.7964951516671397,-0.593355317078127,-0.044749033579488964,1.0
-0.42193134000302845,1.8110466272010068,0.20980725225792266,0.15078205848892298,-0.021522722426365447,3.2708222089760484,-0.40952317667185867,0.20827138272445292,-0.0215210608117448,0.9122997137830252,0.9780710767311568,0.9997683951503654,1.0
2.390404487633846,-0.5486613200515406,3.389938466569497,0.4442661953473304,1.5871001158554237,0.08696365330773176,0.6825076464753935,-0.2458008591437326,0.9998670961751437,-0.7308784526189148,-0.9693203483081344,-0.016303066775485327,1.0
-0.1912729795293368,1.9709155760075365,0.22165668522474077,0.05579004063114372,0.37342022253351204,3.1953532183641387,-0.19010881290719236,0.21984607774938775,0.3648020776714964,0.9817630260174897,0.9755345724771676,0.9310850896274515,1.0
-0.41859926887355414,-2.3605219611535557,-0.06255635767426254,-0.3187068540031346,-1.2803394963621584,-2.2811723106262645,-0.40648106135524,-0.06251556537966575,-0.9581131438486106,0.9136592071223918,0.9980439890532184,0.286389950215666,1.0
-0.8731298106899492,1.3528116172253828,0.10755883384551669,0.6190498227877912,-0.9276452931197863,3.0094205223317845,-0.7663433751801504,0.1073515641614264,-0.8002099960455793,0.6424311880018709,0.9942211231270914,0.599719903145405,1.0
-2.3604901054739806,0.5887175644335414,-3.3576452735642075,-0.5015647477536891,-1.5812732391760818,-0.2892684530548481,-0.7040628079659188,0.21437569478254154,-0.9999451176554978,-0.7101377066732519,-0.9767512792346384,-0.01047672071464565,1.0
2.033272387061657,-0.640714524276974,3.213912247700407,-1.0493902417167953,1.8652488460975576,0.7831058926067097,0.8949505095893077,-0.07225657052349976,0.9569611733753561,-0.4461654237901436,-0.9973860777132306,-0.2902159758732478,1.0
1.3264128246600684,-0.8962726928323633,0.23052749777549142,-0.9470914783126093,1.5974683695861693,-2.5234852214243326,0.9702866760597239,0.2284910986509885,0.9996443221531254,0.24195819114254544,0.9735460019111908,-0.026668880498033717,1.0
2.219715601899394,-0.645200950444364,3.3708474368336465,0.18490837232100224,1.667044809693158,0.707859847217301,0.7967373735373593,-0.2272518677864633,0.9953716893927146,-0.6043257049048886,-0.9738360172983764,-0.0960999477392851,1.0
1.0086680470632987,2.109928674137131,0.32051860504555096,0.5228167742260541,1.8297972116828003,1.7704770532578962,0.8461226801962357,0.31505879656975955,0.9666463488160212,0.5329881894165561,0.94907215463526,-0.2561148889085818,1.0
0.8936948357830508,-1.5784429104013906,0.024676836725721723,-0.2746819563571419,0.5791729116750439,-3.167228926258383,0.7793920121010501,0.024674332324025414,0.5473319209339907,0.6265365843053992,0.9996955423149407,0.8369156279618082,1.0
1.6791444877507353,-0.1857645190300372,2.0999745317380016,-2.069890080724366,2.640811833031611,0.37397838933998334,0.9941360779175626,0.8632222239217804,0.480110626892148,-0.1081362963240638,-0.5048241199938208,-0.8772079490891704,1.0
1.5420523314249635,-0.38507465111249095,0.6927259155292707,-1.686454195635229,2.300254882091266,-1.4914203978695721,0.9995869198074273,0.6386371661774569,0.7455353661305698,0.028740037402547346,0.7695080051414848,-0.666466066539443,1.0
2.364546318685067,-0.5448598650736529,3.2517389276712496,0.802952469937393,1.5370066485457876,0.36527226242303673,0.7011765539996374,-0.1099236896774788,0.9994291831354941,-0.7129876858131516,-0.9939400296032399,0.03378324876501759,1.0
2.1629640583911254,1.1701357145659872,1.147649957436006,1.8309878290837758,2.3169535708852034,-0.19307194225787516,0.8297326863570258,0.9118014578116135,0.7343028314655089,-0.5581609706802809,0.4106313450439658,-0.6788220324221484,1.0
-2.5702050057822317,-0.059824481403060695,-2.531959615425162,-1.862786747896439,-1.7127568035532688,0.5892742327403065,-0.5407997908528119,-0.572566641994798,-0.9899405224231376,-0.841151345605269,-0.8198581831480374,-0.14148414068228826,1.0
-0.8363423136226099,1.3980790260173535,0.12336464532501837,0.5631906214374863,-0.8464987251129289,3.0578356519414065,-0.742196774567479,0.12305197230078303,-0.748965022506318,0.6701820258867219,0.9924002277876035,0.6626095343881724,1.0
1.5802917216716899,-0.5026342590109935,1.7219649706278743,-2.3810585886480546,2.387495086110098,0.1376337313378418,0.9999549190767859,0.9885957628275687,0.6846311737782785,-0.009495252189308622,-0.1505935513870948,-0.7288896733326495,1.0
1.2254291334122964,2.019221887495019,0.3860904987784087,0.7311955795908567,1.9972830104425188,1.4240708424347717,0.9409512055843388,0.3765695858007398,0.910424735814454,0.3385422111190561,0.9263883349059719,-0.41367475196968634,1.0
0.7823115746975375,2.1675030134188775,0.2752678539431229,0.33874420679496414,1.6244081933213281,2.1143431258701564,0.7049208685406234,0.2718047165960087,0.998563228067921,0.7092859572104421,0.9623524281863497,-0.05358618805786809,1.0
2.5709190433128906,-0.19945516923580076,2.940714469120416,1.4636423120080368,1.70829513394443,-0.5786304121812009,0.5401990394108512,0.1995299333243699,0.9905619227123764,-0.8415372824893699,-0.9798917316252712,-0.13706595956823134,1.0
2.3452293998274376,-0.5835370659039432,3.4171577067259697,0.2378783202821681,1.599101005630254,0.21359730335496105,0.7148176071376933,-0.2720907149529919,0.9995994493210113,-0.6993109383714389,-0.9622716055440739,-0.02830089958165618,1.0
2.365575230833702,0.7596458403431571,1.6713980877734478,2.2775546185843982,1.734908772688711,-0.4801562779077756,0.7004425812834901,0.9949439092735624,0.9865637496313944,-0.7137087573547919,-0.10043215321519992,-0.1633767667486517,1.0
-2.4266240291160144,-0.70077029388939,-1.7318472675146603,-2.153740036055056,-1.9621567193580167,0.5988024156623833,-0.6555937249266525,-0.9870593042311514,-0.9243909986746907,-0.7551138111813323,-0.1603556357934303,-0.38144630234045795,1.0
-2.3366414300989806,0.6068734667053894,-3.3756046918421223,-0.39889641174851387,-1.594038926374856,-0.3507179845740325,-0.7207968345951077,0.2318820650650883,-0.9997299029419955,-0.693146393799804,-0.9727439066378931,-0.023240506956354566,1.0
-2.364224301628189,-0.8490233920028575,-1.5584796336281586,-2.1460343151821024,-2.0078230429810895,0.5307658906382918,-0.7014061118375994,-0.9999241504935955,-0.9060141010832501,-0.7127618580401599,0.012316381760130963,-0.42324750281402757,1.0
2.111542157102049,-0.654156349493975,3.3654830510961746,-0.2488964073475573,1.7999667907770072,0.8884966710977336,0.8573249846390765,-0.22202459103549524,0.9738551755462158,-0.5147755537257062,-0.9750410663020923,-0.22716975384467292,1.0
0.9817688788550466,-1.1680497966950967,0.10254873809913555,-0.5788153891984457,1.0706754610436453,-2.2700265904284613,0.8314813760981757,0.1023690946639446,0.8775246093525259,0.5555526268517539,0.9947464845163738,0.47953160477772155,2.0
-1.0136801611669644,-1.0240616497784825,-1.6688987017563883,0.19433399972649645,-1.30665326246647,-2.040060936393686,-0.848783438809259,-0.9951918200605324,-0.9653165858960678,0.5287406490928506,-0.09794509321351819,0.2610821498953146,2.0
1.4690303469066661,0.024046698458340683,2.054172491085642,-1.3881344411037067,1.8755280671709527,0.8470248711911871,0.9948263100118312,0.8854308281838961,0.9539274747800638,0.10159041740363084,-0.4647711786477083,-0.3000372857825019,2.0
1.1410128714517505,-0.922109201144885,0.21186283500172198,-0.8593000821887334,1.392163551644925,-1.9356493259997196,0.9090559995076202,0.21028144731919737,0.9840875468423109,0.41667396098052684,0.9776408915922776,0.17768427096927442,2.0
-1.1639555227785956,0.982070092621959,-2.1545783170015866,1.4212924243621945,-1.0637145599844948,-0.07307716375741612,-0.9183755290427068,-0.8343840515504611,-0.8741654044874431,0.39570997922156126,-0.5511835034888448,0.48562829983157385,2.0
1.74328114850948,0.9766413133337207,0.8309659668255703,1.2192479804663523,1.9951215544375662,0.03440022277308941,0.9851613367018341,0.7385829343253227,0.9113167481927558,-0.17163082668289903,0.6741626280975503,-0.4117059441681422,2.0
-1.4139752389609972,0.9372178994003804,-2.4224966020284815,0.644715030720596,-1.0621069002450856,0.08324405864202639,-0.9877287529080667,-0.6587048090498715,-0.873383550087267,0.1561790980851003,-0.7524014716456715,0.4870330321825845,2.0
0.09106485253855451,1.8469940244349874,-0.8025067823434081,1.8350127990362535,0.36879750966626473,0.8554284159485962,0.09093904083648255,-0.7191003272314103,0.3604940561693265,0.9958564609680155,0.6949062666113168,0.9327615104980407,2.0
-1.1386178415651709,-1.029993954444062,-1.6314744623532422,0.4127329301611139,-1.5468572680840704,-1.9045356284444461,-0.9080554466243844,-0.9981596466931542,-0.9997134744178836,0.41884998013106056,-0.06064090792029411,0.02393677228290523,2.0
-0.6223950377710737,1.895054358413316,-1.2842428323269455,0.7395973278564116,-0.08117288256272538,1.5420864236080245,-0.5829827618506382,-0.9592237182907503,-0.08108377007347851,0.8124845225510465,0.2826479404992496,0.9967072901462452,2.0
1.4638789892305992,-1.0727957468206446,2.3479873969740384,-0.386271481898991,0.9562131845151541,-0.4455636769153815,0.9942897841818829,0.7128861933646093,0.8170138855426339,0.10671375296345251,-0.70127974112341,0.5766179938490716,2.0
-0.6898784703743299,-0.9663616532488716,-1.6082530166079085,-0.61686876529382,-0.6208897176562322,-2.1137553693947,-0.6364434482820445,-0.9992985802077542,-0.5817590525017119,0.7713233674269571,-0.03744793178222997,0.813361177357458,2.0
-0.3504093706807001,-0.9100705094794073,-1.1824142714139976,-1.7326005707499796,0.08382638396681144,-1.6809108134120343,-0.34328233035944655,-0.9255229728017608,0.0837282457056131,0.9392322618303673,0.37869146652148256,0.9964886255603024,2.0
-1.1550589358061474,-1.6345186663991775,-0.2942552954416444,-0.9226769298177766,-1.6002107911310335,-1.003109108091788,-0.9148187631049886,-0.29002723465271346,-0.9995674258342419,0.40386461923651945,0.9570183922786959,-0.029410222901354977,2.0
0.14398877530012757,1.8254587189454679,-0.7484766082871065,1.9142633999959404,0.39270362469641074,0.8037968361247367,0.14349174319117697,-0.6805233207482208,0.38268762954371954,0.989651514239208,0.7327264222872096,0.9238777939718049,2.0
-1.7398192619709862,-0.890193730445133,-0.8944292497339212,-1.632082441689601,-1.7914778910985067,0.10219070786895308,-0.9857495985583539,-0.779851939080002,-0.9757484851542753,-0.16821928825804786,0.6259640190243851,-0.21889470920773071,2.0
-0.5685680970645549,-0.9404986257127431,-1.5056500371766122,-0.9992648741810543,-0.3571883026396462,-2.018763221181549,-0.5384259754521197,-0.9978787308628002,-0.3496413856375403,0.8426728125188526,0.06510021882948759,0.9368836114744781,2.0
-0.7858734697364613,-1.8626350611811793,-0.14123672093951503,-0.5408998644787533,-1.3285548297775405,-1.5819444422088478,-0.7074427936359425,-0.14076762847512755,-0.9708027254200581,0.706770608990338,0.9900426631077514,0.23987927863195535,2.0
-1.9601894504006778,0.14696303314892042,-1.9477191829823173,-1.486629702648934,-1.4721861146140125,0.7185779290554027,-0.9251396168961278,-0.9298016127297766,-0.9951419515695734,-0.37962703967089323,-0.368061083198301,0.09845047600850337,2.0
-1.8029449062692304,-0.7534337312198287,-1.0223645934116787,-1.6954155104663773,-1.7781588105336537,0.241849576639939,-0.9731743201417012,-0.8533431862808046,-0.9785773286321853,-0.23006899533995775,0.5213496009666873,-0.2058796053209157,2.0
-1.7671551164971822,0.6738628418229962,-2.430126425347908,-0.5755751988662402,-1.184396822867168,0.4932278143960694,-0.9807834759995866,-0.6529450015590466,-0.9262719287390181,-0.19509939314659194,-0.7574053240762549,0.3768558265837208,2.0
-1.7499267517255923,-0.75509501203173,-1.2062210214898543,0.6348306518963568,-2.390910152406295,-0.5675342789547346,-0.9839990004502268,-0.9342752713899617,-0.6821379797471822,-0.17817397989873396,0.35655254489235305,-0.7312234792362954,2.0
1.4018960216461502,0.26572529716131404,2.1059896133785694,1.5240237768225349,0.834041543921528,0.5844396228303357,0.9857702198823087,0.8601700677729516,0.7406528770047488,0.16809840449327482,-0.5100073082882988,0.6718878744140189,2.0
-0.9097189390885367,1.7879368596379261,-1.3664044075719284,0.3262367408852141,-0.3397212408457548,1.7719524516061969,-0.7893312085689466,-0.979184588778768,-0.33322427769390955,0.613967623885076,0.20297177414151693,0.9428475914777383,2.0
-0.015554048613033177,1.8826437108369012,-0.9027660911879822,1.672633269713755,0.31692222575163714,0.9605159392279817,-0.015553421459530542,-0.7850433405732505,0.31164354300791075,0.9998790382245756,0.6194408393233298,0.950199085508651,2.0
1.4691523975529108,1.3425597051078424,0.5848978653089839,0.857190658960123,1.9182704037188352,0.6337315572238569,0.9948387017782513,0.5521142285239546,0.9402358486785897,0.10146899745323039,0.8337684802518013,-0.34052393287352384,2.0
-1.6093235914843516,-0.8851549478438577,-1.3236582458070454,0.7256391644615438,-2.2581123250230752,-0.9840908368545134,-0.9992579167372027,-0.9696165028639072,-0.7729517018961439,-0.03851773407179835,0.24463000096874185,-0.6344648662738187,2.0
-1.9910618910269373,0.12006037660238537,-1.0499421036907863,-0.21857049389313662,-2.2057963468937025,1.0834228757486368,-0.9129806215245008,-0.8673944166129947,-0.8050716845513028,-0.4080029224414162,0.4976212676610623,-0.5931775305367926,2.0
-1.8604782710555448,-0.5912830265746473,-1.1149543326156084,0.4712100436549263,-2.4498380861509856,-0.15196504800297106,-0.958334775789826,-0.8978906850990972,-0.637889404881083,-0.2856474356822832,0.44021848849437684,-0.7701279810138428,2.0
-0.06926294396353948,1.8967398755890803,-0.9491272024750953,1.5898724804316575,0.28887018985952423,1.0137434636457363,-0.06920757741940886,-0.8129075034730789,0.28486940918272224,0.9976022810858727,0.5823928148570913,0.9585663355824086,2.0
-1.939771373888968,0.278542904601873,-2.0830231464607825,-1.3388343851328517,-1.4037433232652865,0.7089387113923924,-0.932697494610799,-0.8716552620009085,-0.9860790661790594,-0.3606596505664843,-0.4901194795415988,0.16627710378592195,2.0
1.4256057592240317,0.18425044029087329,2.2514259842842894,1.2164669287645116,0.9022209692439235,0.701040709779333,0.9894783523337755,0.7771766403986781,0.7847055531544871,0.14468099482253025,-0.6292825038236991,0.6198686916182413,2.0
1.9543933622628469,-0.4568319332033265,2.0867962028660156,1.1055157260047788,1.408589857657565,-0.9446355579897149,0.9273244165359594,0.8697998135319035,0.9868733497949278,-0.3742585022364119,-0.49340478755264017,0.16149610355837685,2.0
-0.6278146450601911,-0.952806391638531,-1.5621973573274417,-0.808364581860914,-0.4853584080853432,-2.0740123355039937,-0.5873775256298095,-0.9999630290898591,-0.46652540415283233,0.8093130682158806,0.008598863496617907,0.8845077994455653,2.0
1.4618501459462145,0.009708283400150983,2.4750661246961654,-0.3639241651555073,1.4081668188531093,1.0862651572165842,0.994071232499737,0.6182596645075554,0.986804942372063,0.10873079010314417,-0.78597391002692,0.16191357481715205,2.0
-0.658466283047233,-0.9594568624446843,-1.586572951058152,-0.7125931269130829,-0.5522115602384943,-2.0959604824006344,-0.6119045068569762,-0.9998755516447458,-0.5245713584983106,0.7909316496942835,-0.0157759697995119,0.851366483861819,2.0
0.7078152763596015,1.4253304725557567,0.04307498848721732,2.6127425149736334,0.5772109943401382,0.31998200525392045,0.6501754056147392,0.04306166910845877,0.5456889093363061,0.7597841416703229,0.9990724161208704,0.83798783656289,2.0
-0.026160307252462198,-0.9414214291764295,-0.400136549795136,-2.615573619544937,0.5548261149350706,-0.9671536619383271,-0.02615732350261156,-0.38954410936778117,0.5267955072444733,0.9996578386764042,0.9210078104212049,0.8499920549905382,2.0
-0.5508449786946641,-1.9392506968567549,-0.08672029293962204,-0.3487195714975538,-1.1132651154028343,-1.9034774919622464,-0.5234074073063026,-0.08661163845572879,-0.8971457797596666,0.852082558193098,0.9962421513286889,0.4417345921018862,2.0
1.9237168081362779,0.5893392634103402,1.1417617753517493,1.4560503781938958,1.9461128857392895,-0.43836096372585825,0.9383672815709524,0.9093677933076355,0.9303916284462015,-0.34563976171317595,0.4159930486135573,-0.36656707123966475,2.0
-1.6323404463816549,1.1213098688403094,-1.2989350055053803,-0.4545711485900183,-1.2815217648766437,1.9485824560607408,-0.9981067583679116,-0.9632727542510536,-0.9584510639852574,-0.06150527538593173,0.26852486089297045,0.2852570033242447,2.0
1.810059610810243,0.8554763839857519,0.9232286399207692,1.3103810087668193,1.9915895968245265,-0.12932186749388622,0.9715128305636259,0.7975534450626128,0.912765188906478,-0.23698696177269213,0.6032482923877678,-0.4084846507771396,2.0
1.47123582891007,0.02057267599955956,1.9131096215337486,-1.532754331338616,1.9512956299379907,0.7202019938799007,0.9950479461758444,0.941980689784934,0.9284793180682603,0.09939610058364415,-0.33566706730374946,-0.37138410832923135,2.0
1.4371496227710054,0.13885006016806276,2.3310599548135387,1.002989050522788,0.9552824188268078,0.7775966263636112,0.9910825643020973,0.7246543665594802,0.8164768354765118,0.1332492053874213,-0.6891125082497621,0.5773781924616316,2.0
1.8981488747324575,0.6589085249166883,1.082719326741184,1.4255316689218107,1.9625649619460952,-0.36408459708931395,0.9468969155054708,0.883236240208478,0.9242351990229055,-0.3215372939586094,0.46892829300692834,-0.3818236463173676,2.0
-1.1422925937880624,1.643873940158118,-1.3892533169146035,0.02137021100450466,-0.5896006579022478,1.912246838695429,-0.9095884819613821,-0.9835662772906754,-0.5560291489651148,0.4155102808393415,0.1805474402381884,0.8311627912154935,2.0
-1.096166183268289,-1.0294543918013772,-1.6471056671233395,0.34463419682603014,-1.4672648701419901,-1.956279307001379,-0.8894618103796627,-0.9970898548764894,-0.9946454041928215,0.4570095052360871,-0.07623530220561414,0.1033466009024903,2.0
-1.2720627921153578,0.9725004237876275,-2.2936024290196935,1.0934245433815795,-1.058131606288465,-0.023166439914227354,-0.9557099889703577,-0.7499524708381153,-0.8714405547026471,0.2943100694544422,-0.6614917168671168,0.4905011311093407,2.0
1.1124701597306927,-0.9702261045990825,0.1868021004069757,-0.8021857109593116,1.3326813970070102,-2.0073709056653097,0.8967943368994294,0.18571758369740884,0.9717843349078348,0.44244764357504784,0.9826031646120401,0.2358711648924838,2.0
1.461065430333759,-0.10686947637420938,1.2154941158785768,-1.7792905122481648,2.096301078127676,-0.07383530834253418,0.9939856036960686,0.9375414003998657,0.8650708434705896,0.1095108197620773,0.34787371636307723,-0.5016497142200748,2.0
1.5937260313130859,1.1965288746697895,0.67685153264154,1.017011572982574,1.9675207061275675,0.3730517423960492,0.9997371258432988,0.6263417491775055,0.9223316371466826,-0.022927695274062906,0.77954859581508,-0.38639921210882433,2.0
-1.5700848593555958,-0.9115261189551281,-1.355535111190035,0.7332023367044482,-2.2129098045999966,-1.0858013039012635,-0.9999997469070521,-0.9769206311986626,-0.8008318081179394,0.0007114673792783245,0.21360262249889778,-0.5988893179098721,2.0
-1.9762307262121834,-0.23980563419645975,-1.035178500553712,0.0999294128291639,-2.3960160709646705,0.5406217951467287,-0.9189311489326315,-0.8599534719355555,-0.6783955366496601,-0.39441798072774764,0.5103724386229959,-0.7346968734476959,2.0
-1.4450529633808837,-0.9744265929049778,-1.4519408511596281,0.7132424776749265,-2.0496911215437876,-1.3770054647165213,-0.9921047144635865,-0.9929449991041248,-0.8875047417224223,0.1254122623156348,0.11857583545608971,-0.4607985822680192,2.0
-0.8517964016125787,1.815600452074612,-1.354630373354227,0.406826489008157,-0.28343398563826006,1.7297729365231453,-0.7524647870774934,-0.9767269770211914,-0.27965426322374975,0.6586324803776553,0.2144863920136779,0.960100772346727,2.0
-1.6831261096594063,-0.8248082278809933,-1.2623852371044837,0.6913850967920268,-2.3340908755503635,-0.7768949791150324,-0.9936976410438183,-0.9528170783466929,-0.7225623958570421,-0.11209370269533782,0.3035450793718653,-0.6913057095766901,2.0
-1.8891154956228533,0.45100225194190735,-2.2505768087959885,-1.0773414369917858,-1.3090601889718487,0.6539268556230737,-0.9497628102277275,-0.7777107314012832,-0.9659421946553529,-0.31297061253147984,-0.6286223176624268,0.25875794979942235,2.0
-1.2000746609792659,0.9803459432186589,-2.20490694256488,1.313241165864994,-1.0612607216673808,-0.0596923791511996,-0.9320661373542801,-0.8055989407232111,-0.8729711205387464,0.3622881665159274,-0.592461261776363,0.48777189618235034,2.0
-0.13941592513327905,-0.9188999930923049,-0.7045477151130497,-2.3666406930839465,0.4214527370277331,-1.2219380631654462,-0.1389647305989985,-0.647689297871339,0.4090865004282962,0.990297330931245,0.7619045697611558,0.9124956083002973,2.0
1.7885499642239726,-0.7784785698260733,2.3122852014306674,0.5586085743836783,1.1735752240916157,-0.7965987087254898,0.9763852095165878,0.7374638104325865,0.9221395898502016,-0.21603685481243456,-0.6753866509653934,0.38685730810067687,2.0
1.2877015513957109,1.5120696120918595,0.4895669887118973,0.645040605632183,1.8155546279974584,0.9867574276682655,0.9601955786980756,0.470243783974567,0.9701959222071863,0.2793285711284611,0.8825365622076407,-0.2423218366811941,2.0
-0.17751569832228115,1.917395642917803,-1.0345861057039616,1.4220199184068378,0.22831247957780204,1.1209976389960996,-0.17658485894031473,-0.8596509790566998,0.22633411778046025,0.9842854197807814,0.510881781048079,0.9740497251827243,2.0
-1.6791701623872608,0.7734479846274601,-2.480572391954271,-0.25199282350665425,-1.1314710603208658,0.37751163690542766,-0.9941333012297989,-0.6139225314927583,-0.905038852884245,-0.10816182037087736,-0.7893662808389545,0.4253289018747373,2.0
1.7077908724656885,1.0343688316325164,0.788783362019171,1.1706758556902053,1.9924424546626507,0.1178483953920922,0.9906309138530429,0.7094964219499881,0.9124164776551559,-0.13656643994292714,0.7047090372913948,-0.4092629610694798,2.0
-0.6899549231886478,-0.7866008396679548,-0.2277677303792935,-1.1324833679090356,-0.514668204700382,-0.9758945476855516,-0.6365024162641596,-0.2258034714170878,-0.4922460628957388,0.7712747072800239,0.9741728759804352,0.8704560951384305,3.0
-0.9347466845392098,0.125866762425358,-1.3326142589660306,-0.4867583307043507,-1.1102017687706764,-0.07764631480437297,-0.8044486289102277,-0.9717684967897452,-0.8957883862548071,0.5940222247058226,0.23593640805733854,0.4444807836690002,3.0
1.1225394356061449,0.5920287268651392,1.1610811016517073,-0.3521283320105245,1.0972150161471048,0.20836949927481382,0.901203926252178,0.9172342995416264,0.8899406476604363,0.4333952968222646,0.398348138874003,0.4560763572492255,3.0
-0.9549931890441791,-0.05918042406588493,-1.0169842262137299,-1.0133884694024806,-1.0061714834348796,-0.4344331610897028,-0.8163098063590178,-0.8505257961133639,-0.8447894057824133,0.5776143177260262,0.525933332415553,0.535098925319232,3.0
1.3525027590718328,0.02189938001605108,0.8830558608077835,-0.3684868296319228,1.1469015680892878,-0.07272453573307136,0.976268422359514,0.7726823223918556,0.9114938903723571,0.21656400324999858,0.6347929021839551,0.41131361248306075,3.0
0.9986004460805893,1.0244979437885664,0.885096672576407,0.08357858338186969,0.9155981177361434,0.6627316425447725,0.8407139787289093,0.7739762052413618,0.792927171644029,0.5414794603397316,0.6332146821735749,0.6093164206457927,3.0
-1.1064155437411292,-0.013357821853237202,-0.92872728264582,-0.9050560283811254,-1.0596313086097506,-0.38743676942405236,-0.8940990652278792,-0.8008584181693177,-0.8721751801304575,0.4478692460513812,0.5988537334335808,0.4891936785818109,3.0
-0.3520987886123249,0.8585808581368654,0.07671024708199814,1.3425256506912409,-0.1638109660837687,0.9881329026699077,-0.3448685955431532,0.07663503612512135,-0.1630793302766572,0.9386509744351694,0.9970592115005514,0.9866129595928268,3.0
0.14030007353971463,1.4146523342103676,0.4439881308519258,0.6402990061265348,0.23360879455125846,1.060270860874979,0.13984024597632372,0.4295443362033169,0.2314897933699649,0.9901740784353432,0.9030457702883348,0.9728373325307428,3.0
0.0973142507348033,-1.5209917540654283,0.16190415897773047,-0.5347816378446948,0.1533886789991725,-1.1325103547649162,0.09716072809232722,0.1611977543433585,0.15278789583869193,0.9952687038767817,0.9869221266111416,0.9882590039484512,3.0
-0.780219093122376,0.23632774858344546,-1.0839598941540407,1.0226755011361102,-0.8707718068773407,0.588650506915381,-0.703435158586609,-0.8838172975650183,-0.7648263908899893,0.7107594372670913,0.4678322183484887,0.6442364409114044,3.0
1.3577444604706912,0.008325651088245123,0.8594211864913,0.25246264479342917,1.164159681878899,0.1602723973734352,0.9773901693317353,0.7574647963480797,0.9184562976961077,0.21144374404006822,0.6528760083609767,0.3955224762543321,3.0
-0.4855623638871685,-0.4819503615939848,-0.5822318026706932,-1.4524214975031873,-0.552500145155921,-0.856558702074806,-0.4667057949457836,-0.5498893899806626,-0.5248170281778654,0.8844126304864852,0.8352374864592075,0.8512150650303093,3.0
-0.6278266247960534,0.48035350897440415,-0.5166531695243916,1.4335467871861547,-0.5479821985474664,0.8412407089076304,-0.587387220944448,-0.4939729167453713,-0.5209659408129512,0.8093060315301983,0.86947728982537,0.8535774648576875,3.0
1.0646997610422755,0.9510949387696375,0.8893500826583712,0.04472117498410666,0.958229668405145,0.6118604816977873,0.8746434216830583,0.7766625176498686,0.8181749645765773,0.4847668356091946,0.6299169260130796,0.5749693273037408,3.0
0.7764493836902178,-1.261189203220306,0.5879353563831566,-0.34763151726976066,0.7274513366345782,-0.8742760890783368,0.7007508102275474,0.5546442419481025,0.6649682724733366,0.7134061269469417,0.8320875944717688,0.7468716065053125,3.0
1.0589216133322361,0.854119692779519,1.0551404404909952,-0.09889583581865248,1.0173808670025746,0.47226915982785667,0.871827782073034,0.8699694882653174,0.8507343358157199,0.48981253394090923,0.4931055561311207,0.5255959378307504,3.0
-1.0507368841789222,0.2979539368561287,-1.204502872571359,-0.6100070420373875,-1.1370886540028817,-0.050989223604317874,-0.8677896422892614,-0.933661282315335,-0.9074138849890783,0.4969317224080949,0.3581572418718967,0.4202380769623664,3.0
-0.35725665070118917,-0.8882315743108755,0.10523758569590946,-1.2265796517932328,-0.1824374046909782,-1.0757635542153983,-0.3497054189995587,0.10504344307623385,-0.18142706448153526,0.9368597119752472,0.9944676339965469,0.9834044032205738,3.0
0.39959813028583946,1.418448815821696,0.5456997648915697,0.4814571449003628,0.4237015043921522,1.0212629883527045,0.3890481643548412,0.5190163515844706,0.4111374546774414,0.9212174150612484,0.8547643106657795,0.9115733614807723,3.0
-0.08330558214737022,-1.3620615546601174,0.2844902681262433,-0.7030297936276696,0.08315544456480388,-1.140727126720848,-0.08320926128483373,0.2806682446580066,0.0830596434276944,0.9965320962399717,0.9598048428928629,0.9965445778456999,3.0
1.147142407823605,-0.842113400665907,0.8356266697329413,-0.07203129931047113,1.0441780392139213,-0.5018317479160666,0.9115929245975066,0.7417169728800138,0.8645117021174965,0.4110940766099223,0.6707130028124614,0.5026126907489592,3.0
-0.15176692945304504,-0.7701205227046635,0.23619827786762035,-1.3856650701594089,-0.01572640078895559,-1.0602197561204127,-0.15118498702861374,0.23400816047860798,-0.015725752555565253,0.9885054879448864,0.9722346326013172,0.9998763427077176,3.0
-0.7778343534201231,0.4594132303354144,-1.2911203533072608,0.4171934668582211,-0.9820483100671252,0.5002728440817646,-0.7017381837332533,-0.9611449344140471,-0.8316365823782681,0.7124349243901191,0.27604422661996936,0.5553202633167585,3.0
-0.6843655317770846,0.756719729394061,-0.2583681116256035,1.247332486234437,-0.49537589394339454,0.8885307290388097,-0.6321815399315185,-0.2555031697113145,-0.47536239261146873,0.7748203021151511,0.9668082179354245,0.8797900861516341,3.0
-0.17065720619895283,1.294477777319479,0.2727134811603151,0.8647114619985748,-0.008858640790455535,1.0582976541006535,-0.16983004490215658,0.26934562568121995,-0.008858524926508012,0.9854733663821319,0.9630435784150124,0.9999607624982725,3.0
0.3011267465555336,1.0287604868942704,0.7928865531200632,0.8868986366774662,0.4903032598172728,0.9012973927014613,0.2965964409421022,0.7123819970913707,0.47089344262762095,0.9550029063937335,0.7017919137608457,0.882190096118919,3.0
-0.8543503497121301,0.17500486838293583,-1.3567687819920613,0.4092538239073006,-1.0438002797569028,0.3289171809365099,-0.7541444443891933,-0.977183403041453,-0.8643217737410009,0.6567085784401747,0.2123972618004415,0.5029392323504003,3.0
-0.08399715723736421,1.100966282492662,0.40833476755251624,1.0719462248159057,0.11072541780404443,1.017187194545606,-0.08389841810553676,0.39708155666630823,0.11049930533946205,0.9964743124834622,0.9177833281093427,0.9938762013045168,3.0
1.2773551503470095,-0.01738115484419498,0.8968519869908128,-0.649802774827884,1.0973924579798948,-0.21684807020067642,0.9572541917820847,0.7813661952166502,0.8900215606745747,0.28924801177471865,0.624072807429274,0.4559184373705392,3.0
0.7306004079334028,-1.2265127798220263,0.7772047417508654,-0.26001581262884793,0.776371980290596,-0.8452741371116257,0.6673169233999441,0.7012894873325943,0.7006955880688664,0.7447738742356858,0.712876605701707,0.7134603653047766,3.0
-0.30844693865278233,0.6025516794107152,-0.1877513859905722,1.564125137250473,-0.2272046953139421,0.9670890010309235,-0.3035792366803944,-0.18665027089682296,-0.2252549421663689,0.952806195958312,0.982426422880687,0.9742998568354744,3.0
-0.8179613092462226,-0.18553444414917586,-1.1500751876078732,-0.9285420603411056,-0.9711790535826031,-0.44608900147819525,-0.7297534732074619,-0.9127946508740107,-0.825551658256953,0.6837103687539382,0.4084188111923751,0.5643265539997167,3.0
-0.02344991954680228,1.140742648980431,0.46446790567629576,1.0064936822624786,0.16562302436608264,1.0154971287909713,-0.023447770425742875,0.44794714060690294,0.164866861743216,0.9997250632359187,0.8940600422913998,0.9863158307048221,3.0
0.19299479672606396,-1.5167435294101221,0.1951513121979817,-0.522142891226596,0.22423411841153115,-1.1172914492942352,0.19179894672984985,0.1939149772228805,0.22235971991132036,0.9814342382622079,0.9810183390786584,0.9749646942125438,3.0
1.0875028573903265,-0.8364262344126492,0.9881031283840895,0.10282192578700995,1.0737365814644966,-0.4522428747217286,0.8854692593560833,0.8349836809409443,0.878988399647228,0.4646979564570833,0.5502747064533415,0.47684315375771635,3.0
-0.828484363737325,0.4715577346310614,-0.5585770319119505,1.2817590436785693,-0.6889850861922333,0.752115378766608,-0.7369076577562389,-0.5299800435593814,-0.6357541062939946,0.6759934200420991,0.8480101139896836,0.7718916480506341,3.0
0.03945677027242333,1.176607233742554,0.5172580796597754,0.9384897880116864,0.2206341010802318,1.0111980616004914,0.03944653311119762,0.4944987819620355,0.2188483967928778,0.9992216826237845,0.8691783215417095,0.9757588735036885,3.0
-0.08283543225735503,-1.1313762418440156,0.4009626905486151,-0.946869847809868,0.11543496763695792,-1.1127473973482926,-0.08274073265032461,0.3903048584341073,0.11517877210708258,0.9965711069263886,0.9206856778959536,0.9933447792463123,3.0
-0.01391913408701155,-0.8824355938601026,0.45350831847207895,-1.2112877347358226,0.16211815880700026,-1.0675169883213786,-0.013918684637204647,0.4381219059930454,0.16140895181724357,0.999903130417127,0.8989155663848641,0.98688760772099,3.0
-0.9491770399220767,0.08612537605163784,-1.2534279451795272,-0.689148169744766,-1.0920670159396713,-0.1930109559543539,-0.8129365274345616,-0.9500599493481925,-0.8875809843135408,0.5823523008992377,0.31206744887044835,0.46065170821891666,3.0
1.2458946611764328,-0.3175506273983906,0.7714581202419951,-0.6633642998886076,1.0396924232144624,-0.3914310429472213,0.9476821208650157,0.6971812983041945,0.8622484848530799,0.31921559766525465,0.7168948579079625,0.506485488803547,3.0
1.1255737257378302,0.8701487589304039,0.8912208826624051,0.012345799308639794,0.9973345559795023,0.5584517735125646,0.9025148226550114,0.7778396064328635,0.8400278518105623,0.43065879172262733,0.6284628442989831,0.542543277704675,3.0
0.5752352287846675,0.8291311068948366,1.0737503913605033,0.6806426311494057,0.7661381946113791,0.700809792909377,0.5440321778213316,0.8789949847177753,0.6933576233118163,0.8390643536076235,0.4768310149738563,0.7205936484561806,3.0
-0.9574687888624814,-0.013958684852088302,-1.0842656600043894,-0.9452269125853267,-1.0339078555042016,-0.37364184472208417,-0.8177372453838396,-0.8839603033635963,-0.8593042756834701,0.575591693400843,0.4675619553356954,0.5114647219428793,3.0
1.0296025880864086,0.7025411109042771,1.2002203785045793,-0.1900458662086596,1.0593744961707052,0.3200304930471046,0.8570943263523726,0.9321189191936099,0.8720495203489533,0.5151595051385276,0.3621523442991038,0.48941764788282854,3.0
-0.020184230516565253,-1.1709237650807076,0.4507514487184388,-0.883124089583299,0.1759026042858739,-1.109370907296738,-0.020182860024595052,0.4356420510615207,0.17499688494487345,0.9997963053348555,0.9001199938602138,0.9845689870494554,3.0
0.4333163550057031,-1.4220824939608114,0.4894004627853568,-0.4434539532023575,0.4841904421910027,-1.036453673304928,0.4198829576032403,0.47009681223638083,0.46549201124072265,0.9075782621429159,0.8826148577523454,0.8850520817844941,3.0
-1.011634917901525,-0.5099085741492155,-0.5686911872426751,-0.9580174383761912,-0.8462727634261796,-0.736069497777176,-0.847700261073022,-0.5385296961195501,-0.7488152790189615,0.5304755106286533,0.8426065311860483,0.6627787548705486,3.0
-0.6366923236062996,-0.5006411726559278,-0.4392851819648501,-1.3963534653707297,-0.5833655687627084,-0.8791651815696686,-0.5945391061242955,-0.42529262349483726,-0.5508360002978164,0.8040666957963896,0.9050559012574187,0.8346135038303082,3.0
-0.9263253617836759,0.1524806652930346,-0.9525215034976,1.1138378100169373,-0.8978541997432673,0.5361867655104666,-0.799417710112061,-0.814879633341387,-0.7819912564240642,0.6007756026664106,0.5796302124332432,0.6232893989763612,3.0
-1.0028099141860696,0.3731445252864023,-1.278646549889916,-0.4299943376984935,-1.1350975687773301,0.07832454974699665,-0.8429858639596347,-0.957626928216039,-0.9065753570312293,0.537935714713411,0.2880115733013404,0.42204398114852815,3.0
0.05809541995561223,1.3953452121311145,0.4049113923823532,0.6964294669845518,0.1714457675599742,1.0650901863503563,0.058062746042728715,0.39393731935031895,0.17060709823804088,0.9983129356679585,0.9191373066213148,0.9853391385867079,3.0
1.2443310775293785,-0.6597141188374427,0.8434717726273913,-0.05234701586672627,1.1007780575490198,-0.3741090986919817,0.9471818423365352,0.7469559068206658,0.8915600141556402,0.32069698712018946,0.6648735769044494,0.4529025735837615,3.0
-1.1047445551211938,0.06075936844391289,-0.9898978387013284,-0.8664418815983748,-1.0840864459001378,-0.3213903524481856,-0.8933494329100404,-0.8359699193691204,-0.8838764954716535,0.44936264944842613,0.5487752672178169,0.4677203659803025,3.0
0.9334474671004149,0.963270765702654,1.059517190803825,0.04009036497386656,0.9452626623977283,0.5741706132282219,0.8036761861531239,0.8721193487421925,0.8106507584563821,0.5950668767545119,0.4892932061141804,0.5855299717470426,3.0
0.6906971436090354,-1.0878980664891802,0.9604377955482086,-0.2798005813733188,0.8205182053244148,-0.7931493166019055,0.6370746967273044,0.8194425742845378,0.731499262203355,0.770802069788226,0.5731612927003442,0.681842232041949,3.0
-0.7255070231763169,0.6857448830789773,-0.330122211443096,1.2671582794446858,-0.5451949846504808,0.8578032067845152,-0.6635148639645445,-0.3241586431747186,-0.5185848173444976,0.7481631007327961,0.9460027346974877,0.8550261909554432,3.0
1.2662850698935422,0.1787183292839806,0.9819799240744055,-0.6088759336116089,1.1184084943457153,-0.09556769915459325,0.953993604856217,0.8315986043061794,0.8994059114649215,0.29982695324710246,0.5553771343114646,0.43711440884733327,3.0
1.0776629738760373,0.6518774284624487,1.1837103598300243,-0.27442645323429055,1.0801343636698006,0.2653704789373549,0.8808538926981323,0.9260130129198065,0.8820211283321936,0.4733882336080474,0.37749158918204007,0.4712098568319683,3.0
1.2783889445027563,-0.5003279010860294,0.7703793125198244,-0.34938645624436093,1.0770465591979141,-0.3782754552668173,0.9575527031096951,0.6964075010466577,0.8805619219132401,0.2882582535979086,0.7176465651600024,0.47393111490643947,3.0
0.2483820610382019,-1.0367821312088956,0.7345060252007183,-0.8441828795201056,0.4470234320417259,-1.0143546851726823,0.2458359949629321,0.6702206281399398,0.432283369189549,0.9693114378674097,0.7421619160369957,0.901737815954356,3.0
1.0894617195347607,-0.9253899933590075,0.8304022265371257,-0.08901362323962422,1.0093976756021383,-0.5643307113886301,0.8863778391748256,0.7382027643490561,0.846511338335598,0.462962553798649,0.6745788899064453,0.5323706923462962,3.0
1.0544046006535583,-0.9695103808055554,0.6696259370393365,-0.3233760081735703,0.9186773737259031,-0.6669287758461951,0.8696064060588543,0.6206927449452844,0.7947996507245572,0.493745580781644,0.7840538988948962,0.6068719100503185,3.0
0.8073691138090769,0.2026028902301716,1.455426306211803,1.058772130936395,0.9029644320313572,0.12176110441962379,0.7224706779589356,0.9933522576731993,0.785166185549492,0.6914015616771167,0.11511425704732557,0.6192851209819761,4.0
-0.7417197739068175,-1.301711425449855,-0.2048551828573265,-0.23851256190066794,-0.6461077575194333,-1.3586230748577104,-0.6755569128161908,-0.20342537295638663,-0.6020832782353088,0.7373078444898423,0.9790904542674058,0.7984332946899345,4.0
0.0947735864576192,-1.1742998597228063,-0.6549770372391328,-1.1048214471413502,0.051033129911103876,-0.9859231912950739,0.0946317735857106,-0.6091410325988859,0.05101098118204233,0.9955123441866619,0.7930619158706104,0.9986980924177463,4.0
0.6041252753954941,-0.5525951474897993,0.27821719956763513,-1.897997662727236,0.49976968456267973,-0.5568927588723747,0.5680423959364072,0.2746418402396343,0.4792234050788516,0.822999293085253,0.9615465977214974,0.8776929577162111,4.0
0.3568590659212873,0.49249204010641745,0.5380258505461087,1.9635106283341741,0.45486704890114277,0.5481041266341512,0.34933291020738044,0.512441745765987,0.43934288513148134,0.936998675477208,0.8587219906327702,0.8983194472370872,4.0
-1.3293510090334089,-0.5405391655805081,-0.5761387091320275,-0.18769209000662576,-1.2589230809512473,-0.6802565877473257,-0.970993404608849,-0.5447900338314621,-0.9517604495045703,0.23910626969219378,0.8385724888391667,0.3068420550688225,4.0
-1.2464856704468945,0.6823871586267478,-0.9415725317372803,-0.6472775061047384,-1.3072662724443422,0.529064949294984,-0.9478706147226622,-0.8084845619232303,-0.9654764504750515,0.3186554530292594,0.5885173855816007,0.26049035217853145,4.0
-0.857979427074178,-1.1707911852666484,-0.2309347047065756,-0.31923464417852826,-0.7692589154793157,-1.260073260566665,-0.7565227192812977,-0.2288875143758307,-0.6956030150306641,0.6539674114290641,0.9734528780392269,0.7184263674728605,4.0
-0.5570611119489146,1.3385483702803296,-0.8556515752116199,-0.013475473378485954,-0.6580172197164796,1.3117890693032843,-0.5286939196405964,-0.7549983316420513,-0.6115492667702234,0.848812546640931,0.6557267107703628,0.7912063538122037,4.0
-1.461156175099949,0.07231227827655147,-0.6804023119186557,0.08426855322851787,-1.406360619272139,-0.09245231855539725,-0.9939955371372463,-0.6291057998957958,-0.9865108846455548,0.10942062032010767,0.7773196849028532,0.16369567641158042,4.0
-0.9210014057367859,1.2020910798394273,-0.8124586214270719,-0.2530338031027301,-1.0000155721528656,1.0786124310546712,-0.7962078927953237,-0.7259801991920017,-0.8414793983759719,0.6050231329878473,0.6877156028338615,0.5402892022878233,4.0
-0.993490491136153,0.9590180853913912,-1.117493965675344,-0.46794592050199046,-1.0892250514723791,0.8884405232499326,-0.8379360789384594,-0.8990057817467744,-0.8862682459014892,0.5457683827533799,0.4379367584319351,0.46317231815674975,4.0
0.7883537466846037,-0.18604066901032024,1.2366850469351005,-1.4086381345130243,0.7398342469886495,-0.3654577205502417,0.7091936026748321,0.9447021204182281,0.674165498978595,0.7050137827908702,0.32792972368680406,0.7385803138365807,4.0
-1.1878265426481143,0.44636405034052423,-1.0943261364176704,-0.9802260738476004,-1.2702081710879698,0.331458404793715,-0.927558988235342,-0.8886193861961719,-0.9551625120011642,0.3736767631842108,0.45864538205059774,0.2960820421228311,4.0
-0.7666871937955907,-1.3097760321827983,-0.9493434667302485,0.10754457131649586,-0.6872970031799168,-1.1725928970099404,-0.6937531241280668,-0.8130334352104741,-0.6344501839044768,0.7202128871122393,0.5822169984033922,0.7729637534474535,4.0
0.9221221541716584,0.3663624233450874,0.4507455337013124,1.5162104963514234,0.9561949525445559,0.5562552067154966,0.7968854713335484,0.43563672682872023,0.8170033725245345,0.604130404447176,0.9001225706746604,0.5766328895263751,4.0
-1.3920354618751007,0.49923634313523285,-0.6851885987701212,-0.11985219428519028,-1.380436401374861,0.30904223049546053,-0.9840647792320465,-0.6328190547434304,-0.9819361963941252,0.17781032105865963,0.7742997119679377,0.18921233102268453,4.0
-0.8212873928963076,0.7075109784204011,-1.461710178883111,-0.11493878987237818,-0.9143878480879876,0.7926539606675287,-0.7320235103269336,-0.9940560040331122,-0.7921891539330199,0.6812793702502915,0.10886992626855808,0.6102756298516975,4.0
-0.29089666638653916,-1.5591676053975485,-0.5583127612374125,-0.16874853202355197,-0.22319868788388533,-1.4051297219791492,-0.2868113351086735,-0.5297559208505156,-0.22135009268620282,0.9579870865795531,0.848150142559572,0.9751944095757571,4.0
0.8703086046563109,0.22510314472434306,1.6663813735813797,0.34682284038776945,0.9282544285121164,0.05907128209088342,0.7645278971012038,0.9954352265085482,0.8005751581841538,0.6445906410692068,-0.09543956111526934,0.5992323556838508,4.0
0.5048855870147526,0.6308676919333628,-0.025038966160331747,1.6917410773021608,0.5300349258199011,0.8279316670926861,0.48370730583334737,-0.025036349879765774,0.505563475140867,0.8752298225514511,0.9996865414642222,0.8627894138221041,4.0
-1.3346960563156203,0.6622379207993305,-0.7005403244952025,-0.18929395933458046,-1.3419310866556422,0.47135965034425265,-0.9722575624605654,-0.6446308561464814,-0.9739244678074384,0.23391287317768505,0.7644939890567187,0.22687249944847454,4.0
-1.1963280127029685,-0.5122112228164738,-0.44182384072746106,-0.7474007429097941,-1.1639439487139185,-0.6912278527768104,-0.9307022323228155,-0.4275888786615348,-0.9183709490083016,0.3657777395486609,0.9039733131265387,0.3957206085328276,4.0
-0.01680137691969729,-1.6328582539167074,-0.13653208088166713,-0.1478249759805953,0.06296323027444993,-1.5126703662372232,-0.01680058646452727,-0.13610829343859868,0.06292163694680987,0.9998588601870005,0.9906939650857031,0.998018470572531,4.0
0.9823117811903724,-0.04850361912727724,1.1291626189763195,1.389220624171282,1.0803018976068588,0.030311555849210435,0.8317828643652416,0.9040545955038013,0.8821000595962031,0.5551011318204585,0.42741699585821136,0.471062081747592,4.0
-0.5485954384256461,1.041478963280955,-1.1843443233186495,0.23508328817622545,-0.6409372346855038,1.1291856490476924,-0.5214892905626664,-0.9262521427017784,-0.5979469309268561,0.8532578272881222,0.3769044549224171,0.8015356934005831,4.0
0.07105150774536743,-1.626919715343757,-0.1278373487729413,-0.1762296598041169,0.14389107753513686,-1.4902835316551037,0.0709917410806035,-0.12748943859189613,0.14339505576546613,0.9974769033407964,0.9918399281373599,0.9896655283387509,4.0
-0.11361625188945228,-1.3001783889409355,-0.8108851061199557,-0.7514101231846622,-0.12388248286542837,-1.0935032520033785,-0.11337197082041478,-0.7248971698652457,-0.12356585787233063,0.9935526137212337,0.6888570919438641,0.9923363738008776,4.0
1.2288725840073478,-0.037308189978112,0.8620317184973717,-1.2970222497445525,1.1229744913256503,-0.02159311237041886,0.9421113780695589,0.7591665671146981,0.9013923920619195,0.3353000914283749,0.6508963998788783,0.43300318189695886,4.0
-1.00198369956801,-0.9601810993275398,-0.28305969175743184,-0.45677458736304405,-0.9281060494930403,-1.089493158280198,-0.8425411259351735,-0.27929488379886386,-0.8004862358624804,0.5386320182721133,0.9602053779706605,0.5993511376436333,4.0
0.9157818489664628,0.23549161658365925,1.68556662925819,-0.15062540249545706,0.9379185982030795,0.040745111963823945,0.7930391087155315,0.993421115139423,0.8063287661719047,0.6091707248774151,-0.11451850503366343,0.5914675991495171,4.0
0.7975433316910931,-0.17177885583390493,1.3065886787059835,-1.3079403873355535,0.7584769987812532,-0.35957715103966326,0.7156423506281596,0.9652997222158457,0.6878167204218071,0.6984669111614394,0.26114449312595345,0.725884397895553,4.0
0.26679075646395567,0.9460675136261052,-0.47147650570953625,1.2204939768786713,0.23147753198813079,1.1367582364829567,0.2636370929137514,-0.45420219690711006,0.22941589740722462,0.9646219379839887,0.890898627412095,0.9733284882385996,4.0
0.7744597210663938,0.6087659609137753,1.555538161047176,0.428919348487,0.8071583688036849,0.42074994748110744,0.6993299866069337,0.9998835964473755,0.7223249524904601,0.7147989716223339,0.0152575737082264,0.6915538034091451,4.0
-0.27429576922910975,0.532507047618564,-0.6571209407167126,1.8456675939032314,-0.21896147254245632,0.6992417984637815,-0.27086910023766114,-0.6108398795921105,-0.21721600928157553,0.9626161906681395,0.7917541547095891,0.9761235604736659,4.0
-1.2993179271966193,0.741244849090132,-0.7108443881176852,-0.21888160144758856,-1.3161293966357732,0.5523352693179144,-0.9633755076205438,-0.6524738903265465,-0.9677472573510235,0.26815598318303385,0.7578112050122655,0.2519230951889325,4.0
0.9274889235699051,0.23448665195658194,1.6749687689353545,-0.27483853391281166,0.9398459311065986,0.036648578107064705,0.8001162083315101,0.9945789561948019,0.8074672228325221,0.5998450242897807,-0.10398413289756456,0.5899124376135275,4.0
0.6122255548551244,0.5558435276528216,1.3401330894500076,1.1164155396554831,0.6900085583224131,0.42680807851303715,0.5746902114874859,0.9735149776590392,0.6365437827707126,0.8183710410446283,0.2286232452606702,0.7712405672784284,4.0
0.5740281119644927,-0.6056392389440339,0.1800190550856966,-1.8777577158761587,0.469992817135565,-0.589016457359037,0.543018933009826,0.1790483206191987,0.4528798813532367,0.839720452527429,0.9838402811856428,0.8915715411931217,4.0
-0.5086719558223236,0.6172834161084326,-1.2603672637172985,1.0027419142912866,-0.5324611580714146,0.8114517247996214,-0.48701777346226205,-0.9522025928323469,-0.5076553125641934,0.8733920587753594,0.30546721952339806,0.8615602611688582,4.0
0.9534048836661445,0.2461400727673497,0.6083780900889014,1.5529383622972237,1.0061832862557054,0.42008306813952895,0.8153913491596172,0.5715373119495298,0.8447957214003105,0.5789101378587693,0.8205760787699735,0.5350889543839689,4.0
-0.9352358384971274,0.9922996635586798,-1.1434401194217292,-0.3999419501342167,-1.034573587957577,0.9422821229282968,-0.8047391009800949,-0.9100646916752035,-0.8596445839007812,0.5936286544244209,0.4144662313942076,0.5108925419009878,4.0
-1.2503585461356659,-0.2815966592791705,-0.5530150684513657,-0.8789516698580764,-1.2431423162827646,-0.4697173246547519,-0.9490976159691743,-0.5252552690483471,-0.9467999410196358,0.31498208736629746,0.8509447116804643,0.32182273332568373,4.0
-1.4062918033294494,-0.12048706117916068,-0.644776900633819,-0.40142954460781627,-1.3735706757166009,-0.29952769456953926,-0.9864996174374,-0.6010201449021764,-0.980613983388182,0.16376356370042586,0.799233874045493,0.1959495230501016,4.0
0.7970309740590545,0.2024056416500311,1.3985147375276838,1.1682359858514348,0.8962939125707317,0.13979166176137042,0.7152843918593994,0.9851961973092751,0.7810177944875357,0.6988334842881594,0.17143060639029387,0.624508770710088,4.0
-0.4528602589982682,1.015643317295895,-1.1531860708181496,0.4370983157737026,-0.5355614143148406,1.13480270747487,-0.4375392632834177,-0.9140607752225958,-0.510323926179023,0.8991993066530936,0.405577241964422,0.8599822616596385,4.0
-0.4552730269021756,0.5922936992816721,-1.1624530416284993,1.2132277576949382,-0.46164298009906846,0.7916415225753604,-0.4397075468491039,-0.9177799458886713,-0.44541970353135163,0.8981410096660452,0.3970893739759194,0.895321890554477,4.0
0.8032729297805824,0.6132245567751343,1.5729527799241079,0.309949008756701,0.8269853250106997,0.4202916987175819,0.7196325167851397,0.9999976748558518,0.7358934898614218,0.6943551258437468,-0.0021564514578561993,0.6770973132272624,4.0
0.7864990534586104,0.20423789282406443,1.3351911783403074,1.2734606386063119,0.8885144868818577,0.1607658952841666,0.7078847993647506,0.9723732586987657,0.7761358906474368,0.7063279060240554,0.2334314583931296,0.6305656819467026,4.0
-0.9098300328290095,-1.102118176490456,-0.2464933284206034,-0.36340726094476233,-0.8255157753709629,-1.2058800098782434,-0.7893994116577814,-0.24400478743552617,-0.7348976674979721,0.6138799303400858,0.9697740271364993,0.6781780137294632,4.0
-1.011947900016548,0.6548686030612855,-1.3538835085607641,-0.6372800616510228,-1.1150432742747385,0.6412185495538061,-0.8478662488981681,-0.9765665122886428,-0.8979298353103566,0.5302101696302606,0.21521581511681734,0.44013862686603167,4.0
-1.1719701241763496,-0.5884061792538616,-0.4097815094962358,-0.7001080769543325,-1.1317782935620808,-0.7619681486768708,-0.921517457609431,-0.3984089362810014,-0.9051694853449616,0.3883369353036748,0.9172078932779858,0.4250508237850356,4.0
0.1861819313983566,0.5740560029563808,-0.1159513829144935,1.9627601072494925,0.2474875224967429,0.7359163450898685,0.18510816799162605,-0.11569173514593496,0.24496881027984602,0.9827181519351232,0.9932851667164485,0.9695309597893595,4.0
1.2033396270257688,-0.2816795011921643,0.6520216530898665,-1.2747643898427095,1.1046536074670423,-0.20919066392564273,0.9332440259058297,0.6067945731882999,0.893308560736607,0.35924307663625066,0.794858695586347,0.4494438956251287,4.0
-0.4998490532532446,1.0300196803296269,-1.170926066835744,0.33583820529286956,-0.5876780741345006,1.1340218169455092,-0.47929306491014306,-0.9211115094025116,-0.5544301422259762,0.8776549196176373,0.389298840540563,0.8322302670482994,4.0
0.7393330318917023,0.24054493439121383,1.0185231675643542,1.6318979679383232,0.8418313810673026,0.27974100885132946,0.67379522670972,0.8513341691796709,0.7458642493199231,0.7389181229765561,0.5246238008203207,0.6660979819714421,4.0
0.5111695030348514,0.5149592056888785,1.0891763181876282,1.5263802141639415,0.6075517949267216,0.44956924653261704,0.4891975901514908,0.8862456729406148,0.570859078870146,0.8721729861615608,0.46321550836952424,0.8210480571023406,4.0
-1.2748301078233544,0.026278210219549167,-0.7398864848320025,-1.0082927856083432,-1.3042637098862802,-0.15460006267926102,-0.9565207773805439,-0.6742040799014863,-0.9646899610058804,0.2916641946474063,0.738545095877151,0.26338807705451067,4.0
0.014336860530656189,-1.5180845506890683,-0.5001080995011873,-0.4352025463624866,0.04727028326237106,-1.3239638753131469,0.014336369389342478,-0.47952040204004515,0.04725268114783057,0.9998972289754244,0.8775307311013977,0.9988829681821296,4.0
-0.352200510608101,-1.3708703475667794,-0.9118025766892628,-0.38865375415253967,-0.32583669015955635,-1.1699140717742906,-0.34496407520920475,-0.7906087802119044,-0.3201015640358594,0.9386158888571289,0.612321612105799,0.9473832322253739,4.0
-1.3871401204925262,-0.2888105208940594,-0.6111502712883713,-0.31584181202528266,-1.3381810614474599,-0.45560669134708975,-0.9831825492643773,-0.5738098984867572,-0.9730668442190433,0.18262550430320562,0.8189885227514592,0.23052313697672958,4.0
-0.5361845304786966,0.6300073000313305,-1.3022258040579702,0.8947024648407079,-0.5684394893805098,0.819401997380393,-0.5108596959195253,-0.9641511980730454,-0.5383175968008269,0.8596641036387469,0.265353476054698,0.842742051267517,4.0
0.5865637669648435,-1.095104711449987,-0.16099703931375897,-1.1548353622509053,0.5348258262196618,-0.9173628265510562,0.5535024380520092,-0.1603024316762024,0.5096911954567884,0.8328475557210225,0.9870679461914952,0.8603574171667435,4.0
0.7033079294889669,-0.35875426985248926,0.694085913488484,-1.8485442081968166,0.6093827343593735,-0.44765208143801477,0.6467442020095009,0.6396831045616508,0.5723614104377062,0.7627069798861774,0.7686387485277906,0.8200014730729206,4.0
